questionID,duplicates,label
63022,['62860'],1
46866,['46762'],1
97939,['80376'],1
23129,['10788'],1
50415,['25518'],1
60905,['57067'],1
75289,['14542'],1
99850,['24442'],1
112238,['25494'],1
102106,['37787'],1
109853,['30084'],1
72393,['26892'],1
103709,['9020'],1
92748,['58680'],1
89232,['78510'],1
28406,['25936'],1
110551,['4376'],1
55129,['54291'],1
59203,['57642'],1
104162,['52818'],1
78923,['77018'],1
104165,['104161'],1
57784,['36801'],1
57438,['2555'],1
36774,['28353'],1
70301,['68359'],1
49844,['31706'],1
82175,['73836'],1
94280,['80589'],1
29257,['20331'],1
35624,['14323'],1
25522,['8348'],1
74244,['9662'],1
14142,['7839'],1
6470,['80'],1
110409,['110372'],1
38855,['21761'],1
59740,['18220'],1
48552,['28704'],1
82121,['25366'],1
51989,['22584'],1
61945,['5239'],1
22952,['255'],1
108635,['108578'],1
72575,['26412'],1
55549,['26728'],1
33033,['19163'],1
37622,['37615'],1
97741,['20572'],1
44502,['22303'],1
61393,['31576'],1
98028,['3130'],1
112378,['72392'],1
72298,['45138'],1
111850,['3538'],1
109049,['17927'],1
74554,['74521'],1
75602,['74964'],1
87000,['86444'],1
87004,['32025'],1
70921,['44284'],1
70922,['63771'],1
86754,['65503'],1
21722,['21622'],1
59858,['6848'],1
44334,['16842'],1
28568,['27501'],1
59582,['50682'],1
59580,['29464'],1
91638,['62121'],1
58845,['8720'],1
104142,['68843'],1
82718,['73630'],1
74453,['27457'],1
72097,['48364'],1
112600,['53217'],1
97776,['8113'],1
80543,['66438'],1
111374,['60228'],1
74692,['37405'],1
101875,['37304'],1
101874,['5821'],1
37518,['31036'],1
70758,['70665'],1
72985,['24260'],1
101403,['100311'],1
80037,['53163'],1
59173,['43608'],1
59170,['24151'],1
28260,['28086'],1
82598,['21633'],1
86333,['85611'],1
49477,['49260'],1
31147,['16691'],1
55196,['7608'],1
100116,['54933'],1
100114,['77560'],1
73307,['6171'],1
41423,['22172'],1
83359,['37425'],1
88220,['88131'],1
62579,['13484'],1
90084,['22691'],1
94706,['33041'],1
29470,['16513'],1
40813,['34115'],1
89898,['78172'],1
112534,['33384'],1
36891,['14919'],1
79328,['28333'],1
77184,['664'],1
87432,['18479'],1
84786,['61065'],1
87329,['45449'],1
8238,['8113'],1
69857,['15204'],1
64644,['37257'],1
52847,['32711'],1
59902,['58431'],1
108154,['91701'],1
69294,['52858'],1
29825,['29729'],1
88715,['59994'],1
76962,['34884'],1
63931,['53816'],1
11761,['3755'],1
20521,['19872'],1
110543,['31750'],1
25727,['14323'],1
27381,['2276'],1
104497,['37151'],1
57407,['4906'],1
49802,['32119'],1
78120,['68620'],1
72242,['72051'],1
78439,['53474'],1
48549,['13171'],1
111781,['111762'],1
86847,['86727'],1
74902,['20572'],1
35670,['35099'],1
33945,['32353'],1
89038,['87111'],1
82415,['33125'],1
10756,['7839'],1
12860,['7803'],1
21985,['18778'],1
98152,['5821'],1
30926,['10046'],1
87248,['43268'],1
44948,['32730'],1
109234,['99615'],1
15755,['12195'],1
88792,['71419'],1
42434,['29127'],1
13107,['12242'],1
113435,['7839'],1
85540,['8529'],1
33251,['721'],1
41498,['37821'],1
87031,['62548'],1
41725,['22175'],1
109456,['17927'],1
82872,['46741'],1
82873,['75480'],1
19235,['5821'],1
49001,['1553'],1
59869,['9896'],1
62837,['61329'],1
68897,['44733'],1
34237,['210'],1
35183,['30675'],1
57521,['52353'],1
24990,['8113'],1
108971,['37684'],1
102607,['30670'],1
112153,['54481'],1
88348,['88104'],1
107692,['25177'],1
40991,['29103'],1
48961,['46716'],1
92396,['60527'],1
48142,['20054'],1
37543,['31696'],1
84063,['36724'],1
16656,['15895'],1
69577,['68956'],1
62406,['8844'],1
80006,['53522'],1
111490,['7839'],1
61326,['60917'],1
107474,['25061'],1
50046,['50029'],1
75657,['23614'],1
74301,['74071'],1
40452,['14750'],1
72851,['72358'],1
76539,['20572'],1
89103,['37790'],1
53169,['21575'],1
97814,['91537'],1
29305,['28224'],1
8401,['5287'],1
50537,"['44460']",1
50537,"['48537']",1
52975,['48925'],1
60848,['50423'],1
26461,['20054'],1
65366,['4568'],1
92941,['91995'],1
76420,['76181'],1
102682,['94585'],1
109392,['24434'],1
109112,['22560'],1
74408,['9462'],1
15565,"['6968']",1
15565,"['7274']",1
82931,['33685'],1
69110,['43920'],1
54803,['42348'],1
82476,['17227'],1
62390,['4528'],1
27676,['8140'],1
75591,['58224'],1
112298,['112294'],1
30230,['8340'],1
19522,['4484'],1
22755,['21995'],1
64062,['28105'],1
57841,['29606'],1
59442,['8178'],1
67804,['66578'],1
3887,['1336'],1
55143,['45159'],1
104190,['29127'],1
101969,['23959'],1
84141,['83021'],1
18057,['17857'],1
42947,['20450'],1
77958,['76396'],1
44671,['21923'],1
44098,['40731'],1
49854,['16990'],1
48899,['40660'],1
16259,['4828'],1
97331,['20572'],1
107532,['67035'],1
67103,['67101'],1
31235,['31215'],1
76880,['76830'],1
109197,['9431'],1
77288,['24402'],1
31900,['5999'],1
74480,['52949'],1
30624,['30468'],1
63046,['45449'],1
58054,['58035'],1
112933,['9380'],1
66563,['58605'],1
104562,['8750'],1
109290,['13128'],1
103760,['103514'],1
102641,['97950'],1
30970,['25670'],1
32723,['31951'],1
44205,['21552'],1
89922,['59729'],1
90859,"['33629']",1
90859,"['39080']",1
99541,['16073'],1
53091,['31259'],1
45619,['28308'],1
62103,['16555'],1
59199,"['12859']",1
59199,"['50010']",1
67887,['44526'],1
61482,['29157'],1
74079,['71841'],1
40863,['28667'],1
37085,['20572'],1
33700,['32250'],1
59356,['57347'],1
77040,['2685'],1
42358,['42344'],1
44018,['2077'],1
50825,['8186'],1
50829,['2'],1
78378,['31261'],1
24258,['12329'],1
24255,['17035'],1
28585,['28567'],1
37474,['37453'],1
75176,['4906'],1
46779,['46634'],1
85147,['3215'],1
85144,['70591'],1
83605,['30018'],1
54266,['7199'],1
59091,['778'],1
94874,['86802'],1
111659,['25739'],1
48994,['2039'],1
92820,['92687'],1
64886,['25177'],1
56953,['56944'],1
113743,['75092'],1
20420,['3651'],1
24428,['24001'],1
75155,['35590'],1
86549,['36724'],1
64714,['6398'],1
92772,['80270'],1
58640,['58590'],1
54094,['53784'],1
110829,['110287'],1
58321,['57337'],1
111838,['13618'],1
29610,['27434'],1
92645,['9433'],1
92194,['20054'],1
4531,['21'],1
88827,['5821'],1
103366,['95249'],1
59832,['14972'],1
67763,['67581'],1
59306,['43617'],1
78865,['78555'],1
112654,['86960'],1
50508,['42776'],1
42019,['30432'],1
44116,['11667'],1
53785,['15775'],1
50208,['7749'],1
60998,['60858'],1
107800,['11910'],1
15799,['2276'],1
77861,['75876'],1
88477,['31605'],1
101790,['86075'],1
89468,['44064'],1
103422,['94446'],1
110394,['91651'],1
60712,['16479'],1
60710,['59821'],1
94643,['38868'],1
78794,['11019'],1
38936,['28667'],1
27094,['25956'],1
56774,['11004'],1
40718,['8032'],1
31402,['30989'],1
81631,['79730'],1
12630,['42'],1
84956,['18116'],1
58127,['33608'],1
59381,['14750'],1
110225,['109967'],1
82271,['54029'],1
107562,['99691'],1
27675,['19033'],1
24735,['24558'],1
7651,['7644'],1
60566,['2276'],1
27623,['22458'],1
59026,['45449'],1
111685,['9334'],1
27192,['27190'],1
65278,['50169'],1
90569,['68175'],1
73476,['73173'],1
44926,['15528'],1
78466,['44410'],1
35591,['35198'],1
22255,['22228'],1
111715,['92757'],1
57796,['28364'],1
101998,['98032'],1
71504,"['40516']",1
71504,"['38948']",1
72260,['72206'],1
103902,['103797'],1
17617,['5821'],1
14993,['9397'],1
19256,['19249'],1
52547,['2523'],1
97845,['3219'],1
59513,['57394'],1
23919,['23905'],1
74780,['31605'],1
103000,['71719'],1
76255,['5821'],1
87401,['66719'],1
19494,['8032'],1
81121,['13433'],1
90431,['16555'],1
85111,['85043'],1
108752,['108736'],1
93854,['85592'],1
53039,['49446'],1
56968,['7608'],1
102310,['80454'],1
62627,['14374'],1
92731,['20095'],1
111175,['3651'],1
83686,['45365'],1
84552,['8144'],1
40624,['38862'],1
72970,['59865'],1
31314,['25353'],1
63776,['23735'],1
49729,['45148'],1
75376,['19580'],1
3633,['202'],1
24878,['17137'],1
102128,['36891'],1
68546,['29946'],1
108380,['9838'],1
94580,['24590'],1
89165,['48293'],1
43242,['32877'],1
69361,['20572'],1
83825,['67312'],1
35167,['2312'],1
91656,['44410'],1
60829,['6720'],1
58852,['44410'],1
108480,['20572'],1
100061,['99967'],1
72176,['72051'],1
70233,['7147'],1
80960,['80864'],1
5191,['5132'],1
43031,['26050'],1
52750,['31706'],1
57331,['36942'],1
101869,['25542'],1
37563,['4011'],1
84004,['54065'],1
87720,['10231'],1
6508,['6047'],1
74872,['7339'],1
17503,['13289'],1
11015,['8113'],1
58377,['23654'],1
31154,['24690'],1
91949,['23376'],1
66113,['30006'],1
77676,['73542'],1
38947,['3651'],1
42516,['18833'],1
88252,['79491'],1
62585,['8113'],1
70964,['23654'],1
104370,['36954'],1
26725,['25368'],1
34406,['29578'],1
79339,['44142'],1
67474,['16561'],1
109173,['98'],1
74421,['44063'],1
80885,['68330'],1
86487,['8113'],1
52421,"['13474']",1
52421,"['2523']",1
63394,['32544'],1
23892,['22751'],1
60944,['60928'],1
53817,['53265'],1
76124,['45334'],1
45131,['44208'],1
85631,['32321'],1
86383,['27729'],1
66838,['256'],1
19098,['14323'],1
82691,['5761'],1
60299,['59604'],1
53528,['31478'],1
67825,['2664'],1
66194,['53569'],1
73640,['57337'],1
75940,['11216'],1
102713,['55206'],1
89618,['70411'],1
103390,['8113'],1
72250,['9462'],1
17620,['8794'],1
113576,['113405'],1
102080,['94242'],1
99711,['8650'],1
104038,['69137'],1
27235,['6749'],1
85441,['2039'],1
34985,['32762'],1
89245,['89114'],1
45405,['23717'],1
26523,['24960'],1
26527,['26484'],1
26292,['26262'],1
82365,['8113'],1
61909,['61768'],1
71962,['71926'],1
72425,['5086'],1
72686,['71841'],1
72682,['32310'],1
43813,['43796'],1
102959,['78651'],1
89904,['28566'],1
76249,['39168'],1
30034,['5821'],1
40674,['33756'],1
64778,['57151'],1
71660,['30250'],1
82618,['82081'],1
65791,['5761'],1
65794,['10260'],1
63295,['44998'],1
59242,['35593'],1
25548,['25366'],1
102820,['81048'],1
6296,['5568'],1
44035,['13086'],1
82134,['81549'],1
60394,['60210'],1
11431,['1197'],1
957,['59'],1
59890,['25709'],1
21761,['2523'],1
49904,['37325'],1
77225,['54949'],1
91623,['1551'],1
58530,['3945'],1
74284,['74071'],1
57539,['9894'],1
75485,['46716'],1
108968,['18103'],1
113212,['98'],1
110575,['53620'],1
101379,['76655'],1
86300,['84628'],1
84213,['43290'],1
111676,['12833'],1
113696,['72193'],1
65401,['17550'],1
65403,['57561'],1
24186,['23993'],1
60632,['8113'],1
48151,['45512'],1
28757,['23637'],1
56587,['33208'],1
23843,['23763'],1
27171,['27060'],1
27179,['8844'],1
74120,['73127'],1
46842,"['27102']",1
46842,"['11992']",1
109963,['2682'],1
30526,['8650'],1
103157,['95609'],1
31341,['15901'],1
17537,['7839'],1
81963,['70645'],1
40943,['14150'],1
90367,['29606'],1
34080,['29501'],1
75646,['74543'],1
85289,['75324'],1
29084,['3589'],1
52222,['5583'],1
45534,['2587'],1
28521,['22852'],1
66435,['66259'],1
104344,['17368'],1
24038,['23905'],1
79363,['5761'],1
92285,['32269'],1
82905,['30448'],1
52412,['29157'],1
65485,['46862'],1
65487,['42580'],1
27905,['27878'],1
62908,['21910'],1
91483,['91477'],1
67622,['2498'],1
91707,['91558'],1
27683,['22471'],1
74658,"['52930']",1
74658,"['21916']",1
32166,['14455'],1
21940,['13029'],1
75212,['34600'],1
57362,['57210'],1
83509,['83120'],1
80072,"['75899']",1
80072,"['78214']",1
57163,"['41880']",1
57163,"['22937']",1
112519,['112173'],1
20562,['6804'],1
57997,['8844'],1
81595,['8113'],1
61411,['10834'],1
75973,['16741'],1
75972,['17184'],1
75397,['68389'],1
76617,['12459'],1
88593,['29464'],1
87546,['75685'],1
17679,['8032'],1
112897,['9380'],1
95035,['70216'],1
104305,['15168'],1
28308,['4157'],1
90607,['57362'],1
97303,['97301'],1
58262,['26657'],1
107087,['43037'],1
107083,['107062'],1
40561,['28667'],1
85987,['68624'],1
29777,['21917'],1
75525,['24790'],1
104267,['103641'],1
75296,['75119'],1
60066,['49869'],1
14131,['2976'],1
52365,['21616'],1
89221,['33439'],1
53553,['630'],1
48216,['17550'],1
62116,['3083'],1
92193,['83316'],1
56794,['24486'],1
25769,['24646'],1
75316,['31236'],1
20594,['20047'],1
84731,['30670'],1
58972,['58757'],1
108094,['34532'],1
83987,['83977'],1
88894,['69722'],1
102527,['5583'],1
60437,['202'],1
64227,['53471'],1
48392,['41977'],1
109190,['109187'],1
75104,['57540'],1
83212,['19338'],1
81151,['80662'],1
81103,['45449'],1
90412,['73282'],1
46701,['14323'],1
48625,['33852'],1
59083,['8685'],1
29997,['19338'],1
61049,['50108'],1
91930,['91790'],1
56943,['6933'],1
56941,['19437'],1
67924,['66477'],1
22128,['22114'],1
74179,['74071'],1
37634,['23735'],1
62442,['60398'],1
61361,['9210'],1
93242,['73524'],1
37033,['8453'],1
67221,['66888'],1
68566,['66746'],1
23442,['147'],1
77043,['72244'],1
104133,['6062'],1
70066,['61044'],1
106808,['15784'],1
106802,['59994'],1
89144,['29606'],1
52250,['31706'],1
62877,['35187'],1
66409,['4086'],1
8449,['3302'],1
75185,['42776'],1
79832,['495'],1
63868,['21696'],1
76510,['16752'],1
6990,['6948'],1
107604,['104005'],1
109258,['8113'],1
70219,['62288'],1
8288,['6704'],1
52778,['11705'],1
50217,['34872'],1
79191,['18479'],1
79198,['79078'],1
62288,['9157'],1
60494,['19047'],1
82114,['36891'],1
109215,['8113'],1
102606,['8571'],1
19644,['15168'],1
45195,['29094'],1
101866,['46741'],1
85031,['81289'],1
85038,['32082'],1
61854,['22691'],1
49461,['33018'],1
36922,['20566'],1
58356,['5761'],1
78783,['21'],1
23118,['22371'],1
75928,['75820'],1
75920,['42598'],1
33291,['32338'],1
76648,['23735'],1
39248,['26285'],1
107377,['107227'],1
42394,['24300'],1
97872,['80'],1
14903,['12493'],1
22552,['22545'],1
64415,['7608'],1
9074,['8277'],1
30106,['30084'],1
27538,['25117'],1
92597,['72506'],1
50638,['1892'],1
40516,['38948'],1
50581,['7297'],1
14438,['10932'],1
43096,['34612'],1
103525,['95249'],1
103520,['103514'],1
64658,['60398'],1
60578,['58787'],1
11898,['8929'],1
111695,['9659'],1
92205,['73736'],1
65246,['19221'],1
65247,['29888'],1
15000,['14849'],1
80674,['16245'],1
113165,['18116'],1
103494,['45449'],1
63273,['2682'],1
26814,['7078'],1
68610,['34204'],1
37297,['2777'],1
94488,['93950'],1
55109,['37120'],1
102779,['45449'],1
77002,['73649'],1
43449,['29863'],1
70369,['37125'],1
97250,['13891'],1
110778,['28888'],1
73032,"['71841']",1
73032,"['72686']",1
25508,['22560'],1
74262,['9431'],1
111237,['103892'],1
113003,['22735'],1
69221,['51986'],1
46888,['46634'],1
40906,['25361'],1
61078,['50108'],1
53210,['8113'],1
102301,['102262'],1
78543,['17003'],1
86116,['86106'],1
31044,['24933'],1
41297,['40919'],1
30588,['6148'],1
30053,['23856'],1
40650,['40461'],1
58062,['26452'],1
76262,['63240'],1
72965,['70185'],1
89253,['75685'],1
60236,['147'],1
88128,['34204'],1
80094,['7809'],1
9678,['2170'],1
73503,['19338'],1
101591,['8113'],1
76938,"['28170']",1
76938,"['22201']",1
70050,['65190'],1
64889,['64876'],1
17903,['8113'],1
86773,['86444'],1
81110,['81079'],1
111556,['8113'],1
52285,['50754'],1
49033,['823'],1
59875,['8113'],1
21741,['21722'],1
78330,['78022'],1
63133,['41608'],1
67724,['40697'],1
33461,['26846'],1
33462,['5041'],1
15387,['15287'],1
88371,['9408'],1
80204,['61499'],1
78508,['53262'],1
107819,['25368'],1
81619,['73630'],1
56913,['56862'],1
17288,['17129'],1
81669,['81324'],1
57062,['40731'],1
102384,['102288'],1
60653,['42500'],1
20465,['305'],1
67025,['5068'],1
67689,['26676'],1
107228,['10788'],1
81235,['16992'],1
73282,['10703'],1
75859,['30794'],1
94261,['43400'],1
39151,['18595'],1
69503,['8113'],1
94191,['73584'],1
59159,['26285'],1
74964,['73856'],1
97245,['29734'],1
36977,['8113'],1
3301,['1987'],1
99603,['21566'],1
73585,['73394'],1
73589,['72448'],1
61473,['53522'],1
38973,['23688'],1
18874,['327'],1
88403,['6848'],1
71366,['202'],1
83374,['83316'],1
89118,['664'],1
19135,['14323'],1
53152,['42'],1
64140,['20572'],1
94724,['63235'],1
8414,['6995'],1
60858,['14066'],1
92957,['30006'],1
85897,"['73048']",1
85897,"['80488']",1
30154,['8191'],1
109101,['109024'],1
86908,['30183'],1
76464,['49728'],1
76462,['53402'],1
89950,['7608'],1
86120,['73173'],1
23571,['22818'],1
75584,['8113'],1
14007,['2071'],1
83526,['62949'],1
6844,['6790'],1
109809,['495'],1
58647,"['1449']",1
58647,"['4346']",1
108178,['96153'],1
86006,['62026'],1
98189,['98076'],1
44296,['9614'],1
66824,['10095'],1
57142,['7077'],1
55176,['48192'],1
100314,['34204'],1
92021,['31129'],1
75958,['35106'],1
32024,['327'],1
84130,['8650'],1
70673,['48265'],1
102704,['50769'],1
81249,['26979'],1
77169,['71105'],1
20742,['17368'],1
14446,['7339'],1
59610,['58136'],1
41166,['27806'],1
24091,['17299'],1
58209,['28881'],1
79523,['25366'],1
93694,['93519'],1
93696,['93421'],1
93697,['93343'],1
74210,['14750'],1
41364,['41251'],1
14469,['6440'],1
39028,['711'],1
88053,['27822'],1
50467,['28667'],1
26285,['22201'],1
102978,['37252'],1
102358,['102346'],1
113052,['64998'],1
66054,['33310'],1
20117,['823'],1
77463,['31684'],1
37656,['23467'],1
89938,['35590'],1
8062,['7339'],1
90847,['61301'],1
46956,['613'],1
46952,['44009'],1
68667,['7608'],1
68660,['63024'],1
79775,['8113'],1
23745,['11204'],1
28291,['13029'],1
27057,['20572'],1
111438,['109711'],1
102838,['94148'],1
111596,['37226'],1
107140,['75588'],1
76907,['58224'],1
76909,['3538'],1
66909,['20286'],1
110092,['67588'],1
94252,['898'],1
42661,['30194'],1
45030,['26996'],1
53676,['48872'],1
32963,['32082'],1
71662,['52483'],1
83234,['33402'],1
80250,['41491'],1
85150,['1892'],1
59718,['55119'],1
59711,['59339'],1
62999,['26707'],1
60622,['664'],1
62667,['4901'],1
91865,['5821'],1
86576,['85825'],1
89758,['85993'],1
50835,['40536'],1
87765,['85393'],1
63683,['35369'],1
88151,['59994'],1
111246,['50325'],1
53021,['50010'],1
53348,['1946'],1
58994,['20870'],1
49406,['32468'],1
68585,['68168'],1
75678,"['8720']",1
75678,"['6604']",1
85296,['41829'],1
85294,['28031'],1
84656,['51929'],1
70910,['42044'],1
103359,['45449'],1
88839,['83372'],1
52233,['48799'],1
95568,['78812'],1
73709,['73458'],1
1498,['98'],1
95677,['91102'],1
65308,['12446'],1
20904,['20793'],1
20900,['20604'],1
78028,['3574'],1
76355,['71872'],1
91558,['91419'],1
101669,['53081'],1
85737,['54244'],1
33374,['33364'],1
82919,['43129'],1
89981,['33887'],1
97627,['68273'],1
62001,['19047'],1
34446,['19794'],1
110419,['110161'],1
98188,['8113'],1
107251,['57561'],1
33423,['14323'],1
103874,['42584'],1
42236,['41985'],1
42232,['35590'],1
66875,['38862'],1
110658,['63395'],1
110656,['26285'],1
94674,['20572'],1
68050,['5686'],1
90834,"['41307']",1
90834,"['57338']",1
70622,['61499'],1
84160,['26285'],1
81273,['81212'],1
43423,['40728'],1
48518,['47991'],1
41135,['41130'],1
98332,['420'],1
51864,['33208'],1
51868,['4230'],1
102044,['101995'],1
29168,['22371'],1
75735,['42584'],1
104073,['68545'],1
37142,['5579'],1
37144,['15185'],1
103090,['100280'],1
73399,,0
89370,,0
11543,,0
89375,,0
89377,,0
89379,,0
5988,,0
5982,,0
5983,,0
5986,,0
82440,,0
82447,,0
82446,,0
103547,,0
82444,,0
53902,,0
110558,,0
110559,,0
88394,,0
82992,,0
82995,,0
36709,,0
82997,,0
88392,,0
82998,,0
36708,,0
88399,,0
88398,,0
89374,,0
19975,,0
80598,,0
80594,,0
16703,,0
88021,,0
12014,,0
12017,,0
88028,,0
12011,,0
12010,,0
12012,,0
17259,,0
100014,,0
100013,,0
100011,,0
52466,,0
17257,,0
53735,,0
46792,,0
46797,,0
21614,,0
21610,,0
21612,,0
80272,,0
69171,,0
101354,,0
45443,,0
45440,,0
45441,,0
44798,,0
62369,,0
44793,,0
44794,,0
58079,,0
58074,,0
46862,,0
90313,,0
90315,,0
90316,,0
112952,,0
112957,,0
103544,,0
54170,,0
54177,,0
94541,,0
94543,,0
62088,,0
20258,,0
20259,,0
20253,,0
20257,,0
20254,,0
20255,,0
29769,,0
40961,,0
1177,,0
1175,,0
1171,,0
23508,,0
23507,,0
23502,,0
1179,,0
27617,,0
27615,,0
27613,,0
27612,,0
27610,,0
59039,,0
97930,,0
59034,,0
97936,,0
12833,,0
65889,,0
12831,,0
8549,,0
12836,,0
12834,,0
8547,,0
65885,,0
8542,,0
92264,,0
50418,,0
66500,,0
50412,,0
66509,,0
628,,0
111548,,0
52812,,0
22679,,0
22676,,0
52818,,0
22672,,0
22673,,0
88390,,0
110497,,0
16884,,0
60901,,0
110493,,0
88393,,0
26567,,0
107891,,0
26565,,0
107895,,0
66305,,0
15556,,0
75530,,0
75537,,0
75536,,0
65264,,0
8299,,0
92884,,0
92885,,0
396,,0
92888,,0
32224,,0
32220,,0
93138,,0
32222,,0
93134,,0
93131,,0
93133,,0
94272,,0
98109,,0
3744,,0
3742,,0
3743,,0
98102,,0
99858,,0
57667,,0
99852,,0
99856,,0
99857,,0
52107,,0
52106,,0
52105,,0
102940,,0
102947,,0
102945,,0
60014,,0
60017,,0
113148,,0
113149,,0
29658,,0
113143,,0
21932,,0
21933,,0
21934,,0
21935,,0
57084,,0
57087,,0
57089,,0
57088,,0
91955,,0
102364,,0
102363,,0
15700,,0
15704,,0
15706,,0
6816,,0
107700,,0
9753,,0
9751,,0
107704,,0
107708,,0
24146,,0
24145,,0
37301,,0
37302,,0
37308,,0
37309,,0
112234,,0
112233,,0
59958,,0
59954,,0
33756,,0
54275,,0
68349,,0
94337,,0
88029,,0
67377,,0
67370,,0
67372,,0
108105,,0
108106,,0
102105,,0
88986,,0
52469,,0
109852,,0
30331,,0
109857,,0
76166,,0
76164,,0
30338,,0
100131,,0
15164,,0
100133,,0
102109,,0
103702,,0
92607,,0
72398,,0
52465,,0
111955,,0
111954,,0
111951,,0
111950,,0
91213,,0
91216,,0
35218,,0
35215,,0
35217,,0
35210,,0
35213,,0
23266,,0
23264,,0
101702,,0
101705,,0
101707,,0
101709,,0
23268,,0
87901,,0
87900,,0
109272,,0
87908,,0
109278,,0
53733,,0
43858,,0
10707,,0
43850,,0
43854,,0
95790,,0
6774,,0
73447,,0
73444,,0
73443,,0
107283,,0
107280,,0
50036,,0
93848,,0
24374,,0
32607,,0
81992,,0
81995,,0
98497,,0
70138,,0
70135,,0
70133,,0
70130,,0
18896,,0
18895,,0
18894,,0
45449,,0
87299,,0
87290,,0
87293,,0
64808,,0
87295,,0
44220,,0
44223,,0
44227,,0
44229,,0
69837,,0
108849,,0
18768,,0
89949,,0
89948,,0
33528,,0
89946,,0
18767,,0
41543,,0
41541,,0
87124,,0
87122,,0
87121,,0
41549,,0
83635,,0
83633,,0
83639,,0
71776,,0
71775,,0
12587,,0
58076,,0
44917,,0
86650,,0
44914,,0
95962,,0
95963,,0
95966,,0
73332,,0
89491,,0
89497,,0
109902,,0
88720,,0
88722,,0
88723,,0
88724,,0
88725,,0
65065,,0
13989,,0
13985,,0
13980,,0
77664,,0
77660,,0
69690,,0
75054,,0
89234,,0
89231,,0
89233,,0
13672,,0
13671,,0
89238,,0
13674,,0
16007,,0
16005,,0
5863,,0
5862,,0
56842,,0
17359,,0
17358,,0
94366,,0
17357,,0
52341,,0
90872,,0
90875,,0
90874,,0
90879,,0
69781,,0
60784,,0
64006,,0
52698,,0
20868,,0
69033,,0
64000,,0
20865,,0
64008,,0
92414,,0
112864,,0
109360,,0
49158,,0
49159,,0
5933,,0
49153,,0
90295,,0
90290,,0
90293,,0
9191,,0
9193,,0
9199,,0
112866,,0
42177,,0
16919,,0
80388,,0
16914,,0
16915,,0
63782,,0
63787,,0
97470,,0
97475,,0
12207,,0
12202,,0
90120,,0
10518,,0
53569,,0
63253,,0
63252,,0
29350,,0
10517,,0
63259,,0
29357,,0
54691,,0
54690,,0
54697,,0
86423,,0
21405,,0
21406,,0
8868,,0
8869,,0
62783,,0
62780,,0
62786,,0
62787,,0
103479,,0
62788,,0
26835,,0
26836,,0
26831,,0
26833,,0
67573,,0
91345,,0
68630,,0
68639,,0
103470,,0
91343,,0
17884,,0
54035,,0
54034,,0
54031,,0
24577,,0
24572,,0
62126,,0
91456,,0
88155,,0
91451,,0
79722,,0
62121,,0
58552,,0
28402,,0
58550,,0
34328,,0
34326,,0
34322,,0
34321,,0
34320,,0
73512,,0
95825,,0
35054,,0
35053,,0
102715,,0
91981,,0
91987,,0
91985,,0
55121,,0
91988,,0
110518,,0
110519,,0
110511,,0
93589,,0
112045,,0
23716,,0
23717,,0
93582,,0
23713,,0
23710,,0
23711,,0
59205,,0
59206,,0
59200,,0
27005,,0
27000,,0
92187,,0
92186,,0
73605,,0
73608,,0
92188,,0
74056,,0
74059,,0
74058,,0
32589,,0
32582,,0
113286,,0
14839,,0
104167,,0
35584,,0
9943,,0
9940,,0
35581,,0
35583,,0
107916,,0
35589,,0
32054,,0
32052,,0
27924,,0
25715,,0
25712,,0
21874,,0
62925,,0
21873,,0
21872,,0
26067,,0
26064,,0
70232,,0
26069,,0
26068,,0
64942,,0
64943,,0
64946,,0
99952,,0
60696,,0
75098,,0
75095,,0
75092,,0
75093,,0
57432,,0
53957,,0
53956,,0
57436,,0
57437,,0
101989,,0
14668,,0
58969,,0
44420,,0
14665,,0
102756,,0
102755,,0
83436,,0
83439,,0
112472,,0
112002,,0
112006,,0
112007,,0
27825,,0
27820,,0
27822,,0
791,,0
83387,,0
71571,,0
80529,,0
71575,,0
82316,,0
82314,,0
15130,,0
15135,,0
31767,,0
31760,,0
107138,,0
77935,,0
77934,,0
31768,,0
31769,,0
33896,,0
78114,,0
78116,,0
72219,,0
72218,,0
88520,,0
88527,,0
34041,,0
88528,,0
72214,,0
72217,,0
72216,,0
31493,,0
31490,,0
103397,,0
103393,,0
88298,,0
88291,,0
88293,,0
88296,,0
108313,,0
108318,,0
97932,,0
77069,,0
86268,,0
77062,,0
86263,,0
86261,,0
86260,,0
103932,,0
103933,,0
19747,,0
95728,,0
86840,,0
81819,,0
81818,,0
81817,,0
85414,,0
42372,,0
42375,,0
42376,,0
80140,,0
80141,,0
80144,,0
78769,,0
83193,,0
10352,,0
6253,,0
6252,,0
6251,,0
6255,,0
70946,,0
70303,,0
70302,,0
87570,,0
42991,,0
42999,,0
839,,0
45341,,0
45340,,0
45342,,0
45344,,0
45347,,0
45346,,0
80858,,0
80851,,0
80854,,0
80855,,0
1728,,0
5246,,0
14302,,0
14300,,0
14306,,0
14308,,0
93876,,0
17968,,0
17966,,0
94919,,0
17963,,0
111009,,0
66507,,0
93879,,0
111001,,0
111006,,0
111005,,0
110757,,0
49841,,0
109637,,0
27698,,0
106824,,0
48877,,0
48872,,0
48873,,0
78580,,0
62694,,0
82179,,0
12469,,0
12464,,0
82174,,0
7777,,0
7773,,0
50842,,0
62690,,0
50848,,0
106826,,0
112473,,0
97502,,0
109630,,0
88889,,0
88888,,0
54787,,0
111549,,0
19266,,0
97392,,0
97395,,0
97398,,0
69737,,0
111547,,0
81482,,0
81483,,0
102389,,0
81484,,0
81485,,0
65567,,0
82827,,0
65563,,0
65561,,0
49054,,0
49056,,0
82829,,0
65569,,0
110492,,0
2550,,0
94288,,0
81733,,0
2555,,0
94282,,0
2559,,0
94287,,0
11476,,0
43108,,0
11473,,0
11471,,0
43100,,0
43103,,0
43102,,0
43104,,0
43106,,0
97533,,0
94131,,0
17148,,0
94135,,0
94136,,0
52555,,0
17146,,0
90623,,0
90624,,0
60421,,0
60422,,0
113519,,0
9547,,0
9544,,0
9542,,0
913,,0
112648,,0
112641,,0
112647,,0
64214,,0
79041,,0
64212,,0
64219,,0
22945,,0
80461,,0
80467,,0
27595,,0
27590,,0
99757,,0
48018,,0
48019,,0
21360,,0
48012,,0
48017,,0
99759,,0
95662,,0
95661,,0
95667,,0
95666,,0
95665,,0
95664,,0
57905,,0
29256,,0
78356,,0
78352,,0
78350,,0
78351,,0
34281,,0
34282,,0
34283,,0
72051,,0
79085,,0
94064,,0
109422,,0
109423,,0
59504,,0
78682,,0
94061,,0
78689,,0
26646,,0
26642,,0
26648,,0
66214,,0
66215,,0
50309,,0
50302,,0
50301,,0
50300,,0
50307,,0
68846,,0
1444,,0
68843,,0
68842,,0
1441,,0
23036,,0
23032,,0
1449,,0
23030,,0
22349,,0
22347,,0
77269,,0
77263,,0
77262,,0
86223,,0
28618,,0
79552,,0
28610,,0
28615,,0
73010,,0
73011,,0
73014,,0
92393,,0
73018,,0
73019,,0
35627,,0
32936,,0
93629,,0
32931,,0
32932,,0
23698,,0
93622,,0
93139,,0
104278,,0
56622,,0
56623,,0
104276,,0
25696,,0
74799,,0
74790,,0
23965,,0
23967,,0
27278,,0
65979,,0
61295,,0
65975,,0
27272,,0
27277,,0
27276,,0
25521,,0
197,,0
191,,0
74240,,0
74245,,0
74249,,0
75286,,0
72848,,0
57575,,0
57576,,0
70545,,0
106864,,0
41829,,0
91722,,0
106860,,0
106863,,0
113250,,0
113251,,0
113254,,0
113255,,0
113257,,0
37415,,0
37412,,0
37413,,0
88260,,0
37418,,0
75113,,0
3453,,0
75110,,0
3456,,0
75116,,0
75118,,0
77492,,0
86448,,0
86446,,0
86443,,0
86440,,0
14149,,0
14146,,0
15819,,0
113739,,0
102650,,0
102651,,0
15810,,0
15811,,0
15812,,0
102658,,0
15817,,0
108434,,0
108435,,0
27493,,0
18671,,0
33919,,0
18338,,0
14498,,0
14493,,0
14492,,0
18330,,0
33915,,0
18334,,0
14494,,0
76491,,0
89040,,0
89044,,0
91895,,0
103017,,0
103016,,0
103014,,0
103012,,0
85936,,0
85934,,0
85932,,0
91893,,0
91113,,0
83199,,0
83197,,0
83191,,0
87473,,0
109746,,0
87474,,0
109742,,0
87479,,0
109748,,0
15363,,0
15366,,0
6476,,0
14595,,0
19465,,0
88868,,0
19461,,0
88318,,0
88311,,0
103323,,0
88313,,0
39070,,0
39078,,0
73978,,0
69242,,0
4045,,0
69240,,0
69241,,0
110406,,0
69244,,0
69245,,0
100091,,0
110408,,0
43749,,0
43743,,0
43747,,0
60992,,0
46716,,0
85498,,0
90425,,0
93497,,0
93494,,0
17432,,0
17433,,0
38858,,0
68956,,0
13322,,0
38851,,0
38850,,0
13329,,0
90390,,0
90391,,0
80265,,0
48655,,0
48656,,0
20127,,0
48652,,0
20123,,0
62377,,0
62374,,0
20129,,0
44711,,0
44717,,0
44716,,0
44718,,0
85160,,0
85166,,0
59745,,0
41074,,0
41078,,0
110737,,0
48558,,0
14800,,0
54240,,0
14804,,0
14809,,0
11879,,0
48555,,0
48550,,0
1680,,0
107381,,0
1688,,0
111631,,0
111632,,0
111636,,0
95278,,0
29988,,0
29981,,0
95273,,0
29987,,0
28056,,0
28059,,0
94590,,0
94895,,0
94890,,0
19792,,0
108009,,0
318,,0
92806,,0
92804,,0
317,,0
95853,,0
79666,,0
61059,,0
61058,,0
61056,,0
61055,,0
61053,,0
25321,,0
25320,,0
110276,,0
25327,,0
25326,,0
79669,,0
76272,,0
15402,,0
15400,,0
82320,,0
2298,,0
8129,,0
51986,,0
51980,,0
10914,,0
10915,,0
82126,,0
93865,,0
93863,,0
93862,,0
93860,,0
57005,,0
93868,,0
16424,,0
108001,,0
16423,,0
61948,,0
61943,,0
61946,,0
81674,,0
69722,,0
52182,,0
52181,,0
81678,,0
63547,,0
113729,,0
63545,,0
53279,,0
63543,,0
107782,,0
53270,,0
53271,,0
107787,,0
21314,,0
49245,,0
21316,,0
21311,,0
49242,,0
49243,,0
56976,,0
56975,,0
56970,,0
22957,,0
22956,,0
56978,,0
2741,,0
2740,,0
2745,,0
102492,,0
90982,,0
2749,,0
102499,,0
71922,,0
37304,,0
71921,,0
71926,,0
71928,,0
108639,,0
54727,,0
54722,,0
108186,,0
78525,,0
78524,,0
78526,,0
21075,,0
62635,,0
62632,,0
3042,,0
3046,,0
27410,,0
27415,,0
27417,,0
67046,,0
21072,,0
67043,,0
66393,,0
66392,,0
91293,,0
91290,,0
91291,,0
91296,,0
109585,,0
91295,,0
91299,,0
29048,,0
29047,,0
30910,,0
30911,,0
86296,,0
31066,,0
31061,,0
72570,,0
72571,,0
91834,,0
55098,,0
72576,,0
55094,,0
3950,,0
3956,,0
55092,,0
55093,,0
35290,,0
107207,,0
100257,,0
100251,,0
100252,,0
100253,,0
24442,,0
24445,,0
24448,,0
50116,,0
50117,,0
50115,,0
61557,,0
55548,,0
55542,,0
55546,,0
61558,,0
55545,,0
22139,,0
73193,,0
22137,,0
77430,,0
93478,,0
93475,,0
93472,,0
32748,,0
98228,,0
98225,,0
4452,,0
74165,,0
85369,,0
85363,,0
85367,,0
82786,,0
85365,,0
87210,,0
87213,,0
87212,,0
87214,,0
41276,,0
77407,,0
106984,,0
75231,,0
71261,,0
71263,,0
71262,,0
71269,,0
108853,,0
37592,,0
33032,,0
18814,,0
37627,,0
37626,,0
37625,,0
37624,,0
84541,,0
84548,,0
590,,0
83010,,0
83016,,0
598,,0
81476,,0
71485,,0
40638,,0
44998,,0
40633,,0
44990,,0
40634,,0
14754,,0
14750,,0
108109,,0
77882,,0
13902,,0
13909,,0
18103,,0
18109,,0
5579,,0
1932,,0
5574,,0
5570,,0
30077,,0
103199,,0
30073,,0
72901,,0
103193,,0
76284,,0
28355,,0
30079,,0
72906,,0
11220,,0
19058,,0
19059,,0
103226,,0
103222,,0
19054,,0
30333,,0
82875,,0
82654,,0
39132,,0
73238,,0
39138,,0
42463,,0
42462,,0
16629,,0
42468,,0
16625,,0
97746,,0
12759,,0
88106,,0
64738,,0
63701,,0
16996,,0
16990,,0
16992,,0
16993,,0
95450,,0
95453,,0
16998,,0
9114,,0
95457,,0
12284,,0
12285,,0
12286,,0
12281,,0
12283,,0
81309,,0
81308,,0
64089,,0
81304,,0
64083,,0
64081,,0
21487,,0
49738,,0
54312,,0
54314,,0
46900,,0
46901,,0
46906,,0
46904,,0
46905,,0
93408,,0
13488,,0
10667,,0
10661,,0
90217,,0
13482,,0
90211,,0
102507,,0
58621,,0
103706,,0
71426,,0
13156,,0
13154,,0
13153,,0
20681,,0
103700,,0
13158,,0
10591,,0
97568,,0
20356,,0
94461,,0
20353,,0
94467,,0
86277,,0
94465,,0
94469,,0
20359,,0
44501,,0
44507,,0
44508,,0
29530,,0
30549,,0
1340,,0
1341,,0
1343,,0
34843,,0
59281,,0
59283,,0
50750,,0
50751,,0
50752,,0
50753,,0
95335,,0
92104,,0
66628,,0
110842,,0
110843,,0
61390,,0
8374,,0
8373,,0
61397,,0
111461,,0
111462,,0
111467,,0
110592,,0
110590,,0
113468,,0
110597,,0
110595,,0
110598,,0
101703,,0
22446,,0
26351,,0
26354,,0
88396,,0
112736,,0
32506,,0
93276,,0
91377,,0
3628,,0
98026,,0
3623,,0
98025,,0
75365,,0
110332,,0
110331,,0
109270,,0
6886,,0
104422,,0
57704,,0
104428,,0
96178,,0
96172,,0
96173,,0
96177,,0
103139,,0
52060,,0
60119,,0
60118,,0
102862,,0
102867,,0
60110,,0
60113,,0
60112,,0
60115,,0
113028,,0
113021,,0
64260,,0
113027,,0
113025,,0
103132,,0
24848,,0
24843,,0
2465,,0
64269,,0
92528,,0
97225,,0
97224,,0
97228,,0
102284,,0
102289,,0
102288,,0
9654,,0
9655,,0
36992,,0
107427,,0
9659,,0
36996,,0
107420,,0
37023,,0
37022,,0
37025,,0
37029,,0
112370,,0
112372,,0
112374,,0
112375,,0
112376,,0
112377,,0
102139,,0
102137,,0
102135,,0
102133,,0
78197,,0
78190,,0
78192,,0
10562,,0
112082,,0
112080,,0
40877,,0
112085,,0
40870,,0
80437,,0
44393,,0
44392,,0
67239,,0
67238,,0
67233,,0
67235,,0
67234,,0
32843,,0
68576,,0
68575,,0
68573,,0
3369,,0
3365,,0
3366,,0
30274,,0
76047,,0
4274,,0
108398,,0
108395,,0
108396,,0
108391,,0
108393,,0
72292,,0
91313,,0
72294,,0
79249,,0
79248,,0
111853,,0
35319,,0
35318,,0
35315,,0
90031,,0
90030,,0
87823,,0
30890,,0
99783,,0
25922,,0
25920,,0
25927,,0
25924,,0
45053,,0
23458,,0
72437,,0
72436,,0
72431,,0
72430,,0
72433,,0
23454,,0
23457,,0
76958,,0
109041,,0
109045,,0
92667,,0
73526,,0
73527,,0
73529,,0
95636,,0
74556,,0
10444,,0
6126,,0
6121,,0
6123,,0
95639,,0
29209,,0
71271,,0
71276,,0
77601,,0
78329,,0
77603,,0
77602,,0
77609,,0
85538,,0
42919,,0
97857,,0
85534,,0
75601,,0
103793,,0
75606,,0
33009,,0
70077,,0
78822,,0
71388,,0
71389,,0
71386,,0
71385,,0
112613,,0
112611,,0
54927,,0
111729,,0
112614,,0
33208,,0
84663,,0
14383,,0
18603,,0
14380,,0
18606,,0
18607,,0
14385,,0
87005,,0
87009,,0
111727,,0
44078,,0
44073,,0
44074,,0
44077,,0
92379,,0
70925,,0
41759,,0
70923,,0
41752,,0
12977,,0
12975,,0
7082,,0
7084,,0
7087,,0
7088,,0
24132,,0
71034,,0
76562,,0
8172,,0
76560,,0
8178,,0
92374,,0
76568,,0
15478,,0
6948,,0
6941,,0
6940,,0
86756,,0
86759,,0
66451,,0
86553,,0
88808,,0
88803,,0
40407,,0
40406,,0
40403,,0
40409,,0
28978,,0
28977,,0
28973,,0
107983,,0
81402,,0
13736,,0
69954,,0
69958,,0
89175,,0
11384,,0
11387,,0
43270,,0
43277,,0
43276,,0
43275,,0
19155,,0
19154,,0
19157,,0
19151,,0
19150,,0
94205,,0
94208,,0
52261,,0
60352,,0
60350,,0
60355,,0
87584,,0
65655,,0
65656,,0
87588,,0
26694,,0
26472,,0
26478,,0
40600,,0
80753,,0
42580,,0
42581,,0
42587,,0
42584,,0
64297,,0
64293,,0
7864,,0
95558,,0
95557,,0
42631,,0
42637,,0
16813,,0
16812,,0
16816,,0
81773,,0
12125,,0
53606,,0
10415,,0
10414,,0
10413,,0
90004,,0
90005,,0
57989,,0
90003,,0
63110,,0
63111,,0
9328,,0
63114,,0
9326,,0
2835,,0
9324,,0
21728,,0
54951,,0
21720,,0
21726,,0
48367,,0
62868,,0
62866,,0
62860,,0
26970,,0
49945,,0
49943,,0
49941,,0
68774,,0
1997,,0
58185,,0
58184,,0
59850,,0
59851,,0
48094,,0
48098,,0
44331,,0
44336,,0
54374,,0
28567,,0
58451,,0
24235,,0
62240,,0
62247,,0
62246,,0
94781,,0
79006,,0
94789,,0
59583,,0
59585,,0
34202,,0
34204,,0
34205,,0
34206,,0
34207,,0
98360,,0
28692,,0
79056,,0
28690,,0
28696,,0
75420,,0
106928,,0
91669,,0
106924,,0
106925,,0
91664,,0
106922,,0
67742,,0
67748,,0
89811,,0
89813,,0
23619,,0
23611,,0
59326,,0
59323,,0
61749,,0
27761,,0
61744,,0
59328,,0
77230,,0
73721,,0
73726,,0
102559,,0
74713,,0
74717,,0
74719,,0
78849,,0
78847,,0
78844,,0
78843,,0
102550,,0
73099,,0
87757,,0
92319,,0
92314,,0
92311,,0
104389,,0
32315,,0
104384,,0
112687,,0
104368,,0
52927,,0
25612,,0
25617,,0
60835,,0
60831,,0
91635,,0
91636,,0
91637,,0
75449,,0
58239,,0
101791,,0
26144,,0
104366,,0
96016,,0
79823,,0
79821,,0
79820,,0
75197,,0
75195,,0
75194,,0
2055,,0
4828,,0
4829,,0
4827,,0
4825,,0
104654,,0
104656,,0
104659,,0
93200,,0
33445,,0
103183,,0
63875,,0
87292,,0
112120,,0
112122,,0
34947,,0
83269,,0
83262,,0
83266,,0
108926,,0
71637,,0
18442,,0
71635,,0
15670,,0
15671,,0
76364,,0
76366,,0
15678,,0
107677,,0
107676,,0
107670,,0
33993,,0
33996,,0
78011,,0
33998,,0
39342,,0
39343,,0
39346,,0
39344,,0
39349,,0
31598,,0
31597,,0
31596,,0
31592,,0
31591,,0
108840,,0
108215,,0
48057,,0
108219,,0
48054,,0
86348,,0
86349,,0
77109,,0
77101,,0
86345,,0
77104,,0
77105,,0
91506,,0
20627,,0
91504,,0
91500,,0
91509,,0
99712,,0
101638,,0
101634,,0
101637,,0
101630,,0
74455,,0
74457,,0
42038,,0
6680,,0
6681,,0
6686,,0
85021,,0
85023,,0
6357,,0
6358,,0
74768,,0
70228,,0
10165,,0
10164,,0
10163,,0
10162,,0
10161,,0
14889,,0
72090,,0
45263,,0
45261,,0
45265,,0
85704,,0
80954,,0
44138,,0
80951,,0
85702,,0
44135,,0
44137,,0
44131,,0
85708,,0
44133,,0
84255,,0
84256,,0
84257,,0
6078,,0
71170,,0
5476,,0
5472,,0
5471,,0
14264,,0
14262,,0
14263,,0
94815,,0
94812,,0
94810,,0
87633,,0
87630,,0
87634,,0
112601,,0
83703,,0
83702,,0
83709,,0
83708,,0
25896,,0
48937,,0
48936,,0
48938,,0
78641,,0
16619,,0
110143,,0
16618,,0
110144,,0
7546,,0
16136,,0
51907,,0
16134,,0
65198,,0
88619,,0
65193,,0
65190,,0
65196,,0
65194,,0
88613,,0
64821,,0
64822,,0
64825,,0
64827,,0
10996,,0
76201,,0
10991,,0
65440,,0
65445,,0
65448,,0
2210,,0
2216,,0
2215,,0
67784,,0
2219,,0
97778,,0
97777,,0
97674,,0
97672,,0
97670,,0
97679,,0
91449,,0
102418,,0
90903,,0
67788,,0
9421,,0
9427,,0
17774,,0
52761,,0
17770,,0
17778,,0
60671,,0
64317,,0
64316,,0
27940,,0
27947,,0
27946,,0
21396,,0
42776,,0
42771,,0
21391,,0
42773,,0
21393,,0
80544,,0
80546,,0
80540,,0
107077,,0
20445,,0
48114,,0
27496,,0
27499,,0
27498,,0
86659,,0
63092,,0
95746,,0
9286,,0
63099,,0
78259,,0
78251,,0
78254,,0
109509,,0
109508,,0
109503,,0
109502,,0
109506,,0
109504,,0
10206,,0
10204,,0
10200,,0
63322,,0
63320,,0
63326,,0
63325,,0
63324,,0
63329,,0
63328,,0
112450,,0
112455,,0
112457,,0
34439,,0
34438,,0
30990,,0
30993,,0
26720,,0
50261,,0
50262,,0
50268,,0
66310,,0
2988,,0
66316,,0
24370,,0
68922,,0
68926,,0
68928,,0
68929,,0
67951,,0
67953,,0
111373,,0
50194,,0
28713,,0
28712,,0
28711,,0
28719,,0
72642,,0
94594,,0
79613,,0
106887,,0
79616,,0
79619,,0
432,,0
94598,,0
92295,,0
73117,,0
73111,,0
55010,,0
32874,,0
32877,,0
32876,,0
93742,,0
93740,,0
93741,,0
107829,,0
110422,,0
91728,,0
107822,,0
35479,,0
74694,,0
74698,,0
27132,,0
27130,,0
65832,,0
27134,,0
27135,,0
110968,,0
25407,,0
25409,,0
32296,,0
32291,,0
32290,,0
32293,,0
113545,,0
75873,,0
75874,,0
75876,,0
75877,,0
1050,,0
66789,,0
32122,,0
32127,,0
32125,,0
5353,,0
42299,,0
66785,,0
66782,,0
26262,,0
26268,,0
101873,,0
101872,,0
98007,,0
57324,,0
113196,,0
101879,,0
57321,,0
57322,,0
57323,,0
37517,,0
3795,,0
3796,,0
75251,,0
3793,,0
4980,,0
4987,,0
4986,,0
2158,,0
113449,,0
86529,,0
86521,,0
76308,,0
86524,,0
113446,,0
14066,,0
14063,,0
113624,,0
102995,,0
70754,,0
102999,,0
71409,,0
71408,,0
71405,,0
71400,,0
76758,,0
30563,,0
30562,,0
10610,,0
76753,,0
76754,,0
13498,,0
76756,,0
10612,,0
83549,,0
83548,,0
4319,,0
92866,,0
83543,,0
112716,,0
18187,,0
89721,,0
18182,,0
85879,,0
85878,,0
72984,,0
103114,,0
90205,,0
83099,,0
83090,,0
83097,,0
89239,,0
6530,,0
6531,,0
33494,,0
87738,,0
108975,,0
77808,,0
77800,,0
77807,,0
72320,,0
72322,,0
72329,,0
71645,,0
88454,,0
88455,,0
88451,,0
31387,,0
31385,,0
31380,,0
31381,,0
88182,,0
103807,,0
103808,,0
103809,,0
84831,,0
56847,,0
4167,,0
4165,,0
69529,,0
4160,,0
86065,,0
86064,,0
69525,,0
86061,,0
43552,,0
43559,,0
19636,,0
19632,,0
19633,,0
19639,,0
81177,,0
17573,,0
17572,,0
17575,,0
91929,,0
13406,,0
41956,,0
41957,,0
67857,,0
101401,,0
101406,,0
101407,,0
62438,,0
20604,,0
45181,,0
62431,,0
62433,,0
62434,,0
93374,,0
102600,,0
81920,,0
81924,,0
80034,,0
80035,,0
93370,,0
112468,,0
42206,,0
42201,,0
85007,,0
42203,,0
42202,,0
48463,,0
48461,,0
48460,,0
7368,,0
89467,,0
44580,,0
11937,,0
11933,,0
54521,,0
70414,,0
70411,,0
59178,,0
59175,,0
59174,,0
59172,,0
103652,,0
75425,,0
103656,,0
84354,,0
62198,,0
84350,,0
84352,,0
86075,,0
69035,,0
15940,,0
91840,,0
15946,,0
64005,,0
81386,,0
94456,,0
69030,,0
52693,,0
94450,,0
1037,,0
69039,,0
88697,,0
52695,,0
28268,,0
28265,,0
11062,,0
11067,,0
8661,,0
17898,,0
111171,,0
8668,,0
17891,,0
89446,,0
89447,,0
89445,,0
89441,,0
66845,,0
66844,,0
66846,,0
66842,,0
61310,,0
28842,,0
28841,,0
28847,,0
28848,,0
85447,,0
86334,,0
25179,,0
85449,,0
82595,,0
82597,,0
82596,,0
10817,,0
101655,,0
10815,,0
93942,,0
93943,,0
57124,,0
57120,,0
57121,,0
65762,,0
16301,,0
16303,,0
16302,,0
65768,,0
16306,,0
61865,,0
60191,,0
60195,,0
2393,,0
60199,,0
63420,,0
63422,,0
63424,,0
63425,,0
21211,,0
21210,,0
21213,,0
1851,,0
1855,,0
43617,,0
81029,,0
43613,,0
43612,,0
81025,,0
49479,,0
68065,,0
68064,,0
87357,,0
60735,,0
60730,,0
94626,,0
53337,,0
53336,,0
53335,,0
36911,,0
36916,,0
90714,,0
90717,,0
58347,,0
54644,,0
58344,,0
58340,,0
108062,,0
108060,,0
58349,,0
58348,,0
62776,,0
62774,,0
99595,,0
68681,,0
68680,,0
48707,,0
48705,,0
48703,,0
48700,,0
48701,,0
91392,,0
99628,,0
80386,,0
63780,,0
80384,,0
23109,,0
603,,0
23102,,0
23107,,0
23104,,0
59434,,0
59435,,0
59432,,0
30816,,0
30811,,0
26885,,0
29675,,0
73831,,0
73837,,0
29670,,0
26888,,0
29678,,0
78770,,0
78776,,0
31140,,0
31141,,0
31146,,0
79421,,0
79420,,0
79426,,0
79424,,0
55191,,0
91978,,0
67854,,0
34669,,0
67850,,0
34662,,0
34660,,0
67859,,0
34667,,0
100119,,0
50014,,0
107328,,0
100113,,0
100112,,0
100111,,0
100110,,0
100115,,0
66105,,0
66109,,0
61457,,0
61455,,0
61454,,0
6482,,0
3854,,0
28105,,0
28102,,0
28103,,0
3850,,0
24652,,0
24657,,0
24655,,0
38954,,0
22765,,0
22767,,0
75934,,0
100309,,0
38959,,0
75932,,0
35534,,0
35537,,0
35531,,0
35533,,0
73306,,0
35538,,0
73302,,0
31859,,0
31856,,0
31857,,0
55227,,0
32621,,0
10519,,0
32627,,0
55229,,0
55228,,0
56756,,0
56754,,0
56750,,0
75683,,0
75682,,0
75685,,0
56759,,0
53562,,0
110859,,0
95184,,0
4551,,0
74087,,0
74084,,0
85247,,0
85240,,0
74083,,0
19512,,0
85249,,0
27303,,0
27309,,0
27308,,0
24488,,0
25231,,0
25239,,0
74338,,0
74334,,0
74330,,0
23662,,0
87089,,0
61846,,0
87084,,0
111456,,0
83978,,0
101932,,0
101931,,0
21403,,0
83975,,0
83976,,0
83977,,0
71301,,0
71306,,0
71307,,0
71304,,0
84195,,0
30483,,0
7008,,0
7000,,0
95060,,0
7007,,0
37701,,0
37702,,0
33282,,0
37704,,0
33286,,0
41424,,0
41425,,0
740,,0
746,,0
748,,0
83356,,0
83353,,0
76659,,0
76655,,0
76653,,0
40489,,0
40485,,0
86909,,0
33824,,0
18024,,0
89685,,0
69666,,0
14569,,0
30732,,0
30734,,0
30739,,0
72826,,0
31463,,0
31462,,0
5743,,0
103303,,0
103302,,0
103307,,0
15215,,0
87508,,0
82759,,0
82757,,0
87507,,0
82753,,0
82750,,0
39277,,0
39272,,0
37187,,0
39279,,0
42502,,0
42503,,0
16549,,0
16548,,0
42506,,0
16542,,0
42509,,0
16544,,0
84976,,0
88221,,0
88224,,0
12654,,0
69480,,0
69482,,0
69483,,0
16891,,0
19844,,0
16894,,0
16899,,0
16898,,0
21058,,0
21052,,0
21051,,0
21054,,0
86372,,0
81228,,0
81229,,0
64160,,0
64162,,0
64167,,0
49671,,0
49675,,0
49676,,0
63192,,0
41855,,0
41851,,0
41850,,0
81049,,0
53134,,0
90553,,0
58101,,0
54481,,0
58103,,0
58105,,0
54486,,0
54487,,0
1919,,0
13214,,0
90082,,0
53688,,0
10495,,0
53684,,0
53682,,0
883,,0
882,,0
112825,,0
14977,,0
112820,,0
20010,,0
45390,,0
45391,,0
94705,,0
94703,,0
94701,,0
44629,,0
44623,,0
44622,,0
79724,,0
91455,,0
29472,,0
91452,,0
29477,,0
29478,,0
79723,,0
40818,,0
40819,,0
40812,,0
1268,,0
91459,,0
8781,,0
8787,,0
95078,,0
34982,,0
95077,,0
95074,,0
95075,,0
34981,,0
95070,,0
95071,,0
34980,,0
111706,,0
98010,,0
8435,,0
102226,,0
9827,,0
9826,,0
9820,,0
50564,,0
66475,,0
66477,,0
22562,,0
22563,,0
22560,,0
22561,,0
61121,,0
22569,,0
61126,,0
61125,,0
26412,,0
26410,,0
102229,,0
113661,,0
31554,,0
32423,,0
93727,,0
32429,,0
104452,,0
100017,,0
98341,,0
98340,,0
98346,,0
113669,,0
110073,,0
92933,,0
110079,,0
93041,,0
93043,,0
96033,,0
96141,,0
93047,,0
90777,,0
32391,,0
32394,,0
25036,,0
25030,,0
24928,,0
65354,,0
65355,,0
82250,,0
24926,,0
2587,,0
2583,,0
64405,,0
91983,,0
2588,,0
20547,,0
97347,,0
97344,,0
97342,,0
97340,,0
97341,,0
97348,,0
2637,,0
2631,,0
9595,,0
107542,,0
102078,,0
102079,,0
102073,,0
86998,,0
78093,,0
78094,,0
9043,,0
95787,,0
78003,,0
37270,,0
24070,,0
37273,,0
37274,,0
20974,,0
20970,,0
102858,,0
25104,,0
71852,,0
71850,,0
68232,,0
68233,,0
68236,,0
30132,,0
30133,,0
78635,,0
78634,,0
31269,,0
78630,,0
78632,,0
31265,,0
31261,,0
78638,,0
31263,,0
108299,,0
80231,,0
3130,,0
108291,,0
108293,,0
108297,,0
27525,,0
27521,,0
79325,,0
79326,,0
101394,,0
78005,,0
91588,,0
103672,,0
103671,,0
91585,,0
91582,,0
103675,,0
67464,,0
66732,,0
15324,,0
76856,,0
72774,,0
72775,,0
76853,,0
72773,,0
72770,,0
46741,,0
23312,,0
23316,,0
23317,,0
23314,,0
72779,,0
109162,,0
92582,,0
92581,,0
77185,,0
87699,,0
77189,,0
32984,,0
32982,,0
32988,,0
6600,,0
82401,,0
92058,,0
50603,,0
110910,,0
110911,,0
92050,,0
92053,,0
87692,,0
100325,,0
95114,,0
22044,,0
22047,,0
22042,,0
22049,,0
86920,,0
77720,,0
86928,,0
43928,,0
93931,,0
43925,,0
43924,,0
43922,,0
43920,,0
95118,,0
75763,,0
4690,,0
4695,,0
5163,,0
84782,,0
84783,,0
84780,,0
33320,,0
33327,,0
78925,,0
78924,,0
41382,,0
41384,,0
87322,,0
78926,,0
83832,,0
85787,,0
41656,,0
109359,,0
41653,,0
84437,,0
84432,,0
70840,,0
70849,,0
83789,,0
40385,,0
83782,,0
40388,,0
40389,,0
83787,,0
15537,,0
15535,,0
76444,,0
76442,,0
30831,,0
86497,,0
86490,,0
86493,,0
37130,,0
73937,,0
88928,,0
88927,,0
88921,,0
40526,,0
40524,,0
40525,,0
44868,,0
86141,,0
19936,,0
57789,,0
19933,,0
69852,,0
9641,,0
112366,,0
112365,,0
5950,,0
11531,,0
11535,,0
89346,,0
82492,,0
88693,,0
82498,,0
88699,,0
60543,,0
60540,,0
60541,,0
60547,,0
91918,,0
64641,,0
64643,,0
111252,,0
57380,,0
111250,,0
91911,,0
97189,,0
91913,,0
69149,,0
69143,,0
16167,,0
69145,,0
64396,,0
69147,,0
111259,,0
52451,,0
17263,,0
52455,,0
52454,,0
17266,,0
52459,,0
107301,,0
90322,,0
63017,,0
12370,,0
12373,,0
12374,,0
12376,,0
12377,,0
108485,,0
62948,,0
100059,,0
86388,,0
62943,,0
62945,,0
62947,,0
10289,,0
53496,,0
10284,,0
53495,,0
10282,,0
101575,,0
49820,,0
21571,,0
46834,,0
46830,,0
68432,,0
69831,,0
68431,,0
100056,,0
68438,,0
68439,,0
17489,,0
17488,,0
69203,,0
48198,,0
64637,,0
48193,,0
48192,,0
48191,,0
63068,,0
2901,,0
44479,,0
2905,,0
44475,,0
2909,,0
11883,,0
11882,,0
58712,,0
11887,,0
11886,,0
112988,,0
20195,,0
79123,,0
20196,,0
20191,,0
20192,,0
79128,,0
20198,,0
111879,,0
13027,,0
97462,,0
94917,,0
54149,,0
28798,,0
28793,,0
54147,,0
79698,,0
62058,,0
94914,,0
94519,,0
62052,,0
62053,,0
91742,,0
94513,,0
79697,,0
62329,,0
67663,,0
23550,,0
66537,,0
23558,,0
66533,,0
27640,,0
27642,,0
27648,,0
59042,,0
97965,,0
59047,,0
59046,,0
97960,,0
61624,,0
23880,,0
23887,,0
23885,,0
74616,,0
74611,,0
8572,,0
8578,,0
8579,,0
92214,,0
32217,,0
32210,,0
32212,,0
61089,,0
61084,,0
61087,,0
111518,,0
61082,,0
22688,,0
26595,,0
26591,,0
52846,,0
52845,,0
26599,,0
60977,,0
60974,,0
65257,,0
65256,,0
65251,,0
65250,,0
65252,,0
87498,,0
99955,,0
75569,,0
75567,,0
75563,,0
75561,,0
103722,,0
99951,,0
84760,,0
25480,,0
25481,,0
25483,,0
25487,,0
21908,,0
21903,,0
21904,,0
21906,,0
79900,,0
84761,,0
79906,,0
99864,,0
4900,,0
104517,,0
57637,,0
57634,,0
53822,,0
102914,,0
3378,,0
87590,,0
75475,,0
34828,,0
34820,,0
34825,,0
99699,,0
75913,,0
109948,,0
15731,,0
15737,,0
15738,,0
75916,,0
107734,,0
33650,,0
33651,,0
37338,,0
33655,,0
33658,,0
18273,,0
18271,,0
15088,,0
109821,,0
109822,,0
30300,,0
30303,,0
59909,,0
57431,,0
31653,,0
31656,,0
68374,,0
68370,,0
112794,,0
112795,,0
57435,,0
67345,,0
34178,,0
101981,,0
67349,,0
53776,,0
36775,,0
108159,,0
108156,,0
108153,,0
108151,,0
76134,,0
76135,,0
76137,,0
76138,,0
76139,,0
54454,,0
103516,,0
16159,,0
103514,,0
58787,,0
65177,,0
91267,,0
91266,,0
91265,,0
91269,,0
91268,,0
94267,,0
103513,,0
35227,,0
11835,,0
35220,,0
73414,,0
35228,,0
72281,,0
5972,,0
79254,,0
58780,,0
101770,,0
16154,,0
91121,,0
16156,,0
87958,,0
87959,,0
87954,,0
51967,,0
87950,,0
103887,,0
43880,,0
43883,,0
101480,,0
101488,,0
91123,,0
94096,,0
94094,,0
52436,,0
85082,,0
102750,,0
85086,,0
52434,,0
6010,,0
10049,,0
10046,,0
45109,,0
45108,,0
45106,,0
45101,,0
85624,,0
85625,,0
44278,,0
44274,,0
5083,,0
5086,,0
76850,,0
5084,,0
5330,,0
5332,,0
5335,,0
5337,,0
5338,,0
70498,,0
70494,,0
70497,,0
70490,,0
18736,,0
33516,,0
108835,,0
71721,,0
71723,,0
17810,,0
17811,,0
17818,,0
17819,,0
87178,,0
87819,,0
87177,,0
87171,,0
29822,,0
29821,,0
29826,,0
47997,,0
20298,,0
59787,,0
12552,,0
12553,,0
12554,,0
92297,,0
8004,,0
82045,,0
82041,,0
95957,,0
95959,,0
95958,,0
7468,,0
110629,,0
7463,,0
110626,,0
110627,,0
110622,,0
16073,,0
65098,,0
81858,,0
10891,,0
76967,,0
2318,,0
13604,,0
2317,,0
81530,,0
2311,,0
94338,,0
94339,,0
56833,,0
56832,,0
56831,,0
56830,,0
52395,,0
43699,,0
90821,,0
16381,,0
63930,,0
16384,,0
16387,,0
11762,,0
11760,,0
19579,,0
17030,,0
17032,,0
52644,,0
17035,,0
17036,,0
52647,,0
90794,,0
90795,,0
90796,,0
64055,,0
64052,,0
21291,,0
21290,,0
21294,,0
49167,,0
20526,,0
20527,,0
20528,,0
80376,,0
80378,,0
12233,,0
12238,,0
107395,,0
100168,,0
48788,,0
48787,,0
48780,,0
10563,,0
29360,,0
57872,,0
53510,,0
10566,,0
57878,,0
57879,,0
95179,,0
95178,,0
21435,,0
49780,,0
78445,,0
63204,,0
78448,,0
49789,,0
63201,,0
92872,,0
92871,,0
112555,,0
8837,,0
112551,,0
67582,,0
67580,,0
77933,,0
67589,,0
67588,,0
26805,,0
26804,,0
58693,,0
58698,,0
68609,,0
78377,,0
68603,,0
29585,,0
29583,,0
50094,,0
66183,,0
34376,,0
79718,,0
72126,,0
681,,0
72120,,0
73658,,0
77578,,0
73656,,0
73657,,0
77575,,0
55113,,0
55119,,0
28184,,0
88525,,0
111236,,0
107069,,0
110545,,0
110546,,0
110548,,0
102855,,0
112873,,0
22271,,0
22278,,0
25724,,0
25721,,0
25723,,0
74008,,0
74006,,0
74002,,0
74000,,0
74001,,0
27388,,0
27384,,0
27386,,0
73387,,0
73383,,0
73389,,0
104495,,0
99981,,0
104498,,0
99985,,0
32007,,0
69886,,0
32002,,0
22496,,0
22493,,0
26386,,0
26387,,0
26382,,0
26389,,0
113099,,0
104725,,0
104726,,0
113091,,0
57405,,0
107060,,0
57406,,0
24899,,0
66548,,0
72550,,0
84119,,0
28091,,0
84113,,0
3695,,0
3697,,0
64933,,0
64937,,0
64935,,0
26034,,0
64938,,0
3525,,0
3522,,0
75061,,0
75060,,0
37786,,0
37787,,0
102890,,0
102892,,0
102893,,0
36783,,0
36780,,0
70654,,0
49800,,0
14655,,0
14657,,0
14659,,0
71523,,0
71520,,0
61996,,0
72554,,0
30400,,0
61995,,0
30408,,0
113325,,0
113320,,0
113321,,0
113322,,0
83466,,0
102760,,0
102766,,0
61011,,0
102765,,0
89608,,0
108589,,0
112051,,0
89601,,0
89602,,0
108585,,0
108586,,0
27811,,0
27819,,0
87095,,0
40772,,0
44456,,0
109988,,0
44452,,0
103386,,0
109981,,0
77969,,0
78125,,0
78127,,0
31759,,0
78122,,0
31754,,0
31757,,0
72244,,0
72245,,0
72243,,0
72240,,0
72241,,0
72248,,0
83334,,0
15294,,0
109675,,0
15293,,0
88555,,0
81625,,0
54293,,0
103968,,0
103964,,0
103961,,0
4282,,0
71587,,0
69400,,0
69402,,0
69405,,0
19341,,0
62384,,0
68981,,0
86233,,0
86238,,0
4758,,0
43454,,0
43453,,0
43450,,0
19772,,0
19777,,0
19776,,0
19779,,0
19778,,0
74796,,0
68988,,0
17639,,0
13523,,0
13521,,0
13526,,0
13524,,0
101520,,0
52489,,0
101526,,0
20721,,0
20727,,0
20724,,0
13298,,0
13291,,0
13294,,0
80172,,0
80176,,0
6191,,0
33006,,0
48548,,0
94021,,0
45316,,0
45314,,0
48543,,0
20095,,0
86266,,0
10365,,0
10363,,0
86264,,0
7206,,0
6221,,0
6225,,0
9414,,0
54402,,0
54405,,0
11613,,0
70356,,0
70357,,0
70350,,0
59632,,0
59634,,0
59636,,0
40897,,0
104236,,0
40898,,0
104235,,0
800,,0
85077,,0
80820,,0
80827,,0
80826,,0
80824,,0
80828,,0
5275,,0
1777,,0
18007,,0
5272,,0
89662,,0
5279,,0
41143,,0
41140,,0
41148,,0
95930,,0
62039,,0
17993,,0
17992,,0
17990,,0
11107,,0
11104,,0
8703,,0
111033,,0
8701,,0
94968,,0
106828,,0
111039,,0
94967,,0
94966,,0
94965,,0
110782,,0
62030,,0
110788,,0
66969,,0
66965,,0
66963,,0
111784,,0
111785,,0
111787,,0
84449,,0
12454,,0
12451,,0
12452,,0
48847,,0
48846,,0
48840,,0
48842,,0
83641,,0
110424,,0
110237,,0
88067,,0
107786,,0
57248,,0
57243,,0
57241,,0
57246,,0
65686,,0
65687,,0
65683,,0
16223,,0
65689,,0
53287,,0
49089,,0
49080,,0
65532,,0
88063,,0
81709,,0
43152,,0
43153,,0
2508,,0
2506,,0
81703,,0
64480,,0
64487,,0
64485,,0
112423,,0
49337,,0
49338,,0
68102,,0
17177,,0
52560,,0
52562,,0
22826,,0
68108,,0
22824,,0
52569,,0
17178,,0
22821,,0
60476,,0
60477,,0
60479,,0
9514,,0
113521,,0
113527,,0
113525,,0
90612,,0
36812,,0
112693,,0
112692,,0
58224,,0
111398,,0
86173,,0
86849,,0
48060,,0
48066,,0
48064,,0
48068,,0
91054,,0
91056,,0
67171,,0
57931,,0
67177,,0
57933,,0
99704,,0
99705,,0
57939,,0
99702,,0
29280,,0
29281,,0
29287,,0
29285,,0
109475,,0
72083,,0
72084,,0
72085,,0
72086,,0
68817,,0
68812,,0
59573,,0
59572,,0
59571,,0
59577,,0
59579,,0
25888,,0
25889,,0
29133,,0
29134,,0
34506,,0
34505,,0
34504,,0
34501,,0
79503,,0
67796,,0
67792,,0
67793,,0
107048,,0
107049,,0
92509,,0
92508,,0
26618,,0
26615,,0
26616,,0
26617,,0
92507,,0
26611,,0
107046,,0
24288,,0
23067,,0
23062,,0
66227,,0
66223,,0
61799,,0
61793,,0
95425,,0
24750,,0
50686,,0
110997,,0
50684,,0
110995,,0
50682,,0
50683,,0
110991,,0
28662,,0
28660,,0
28667,,0
74906,,0
23398,,0
74904,,0
74900,,0
61240,,0
61241,,0
61247,,0
35676,,0
35677,,0
31953,,0
27680,,0
73021,,0
31959,,0
55300,,0
87523,,0
55302,,0
55306,,0
55309,,0
32901,,0
32903,,0
32902,,0
56653,,0
98422,,0
98423,,0
98420,,0
56658,,0
98424,,0
4619,,0
87525,,0
4611,,0
4615,,0
93362,,0
93364,,0
104028,,0
23939,,0
65947,,0
65941,,0
27221,,0
27229,,0
147,,0
25578,,0
25575,,0
25570,,0
25571,,0
85479,,0
85477,,0
74274,,0
74276,,0
70591,,0
70594,,0
70595,,0
70596,,0
102745,,0
18634,,0
14390,,0
73376,,0
93180,,0
14393,,0
99842,,0
88207,,0
37421,,0
41302,,0
41305,,0
41307,,0
84704,,0
84703,,0
84701,,0
86414,,0
86415,,0
86416,,0
12490,,0
86418,,0
76578,,0
14198,,0
14199,,0
6970,,0
14192,,0
14197,,0
15822,,0
15824,,0
15827,,0
15826,,0
42527,,0
18343,,0
6978,,0
18345,,0
18344,,0
18348,,0
108463,,0
33949,,0
92465,,0
34998,,0
13871,,0
31541,,0
31543,,0
5668,,0
89034,,0
83164,,0
110440,,0
83169,,0
83168,,0
87429,,0
87426,,0
82411,,0
6408,,0
6409,,0
82417,,0
90984,,0
106815,,0
73924,,0
39040,,0
39043,,0
39042,,0
73923,,0
16752,,0
19922,,0
202,,0
19925,,0
19927,,0
19928,,0
104534,,0
88070,,0
88071,,0
12041,,0
12045,,0
88078,,0
88079,,0
104536,,0
91436,,0
100049,,0
112279,,0
81149,,0
43793,,0
69233,,0
81142,,0
69237,,0
100047,,0
21642,,0
21643,,0
21641,,0
111301,,0
24106,,0
106811,,0
85649,,0
45439,,0
90459,,0
58022,,0
58021,,0
58027,,0
58028,,0
17406,,0
92792,,0
13318,,0
13316,,0
13313,,0
53760,,0
53764,,0
53765,,0
58798,,0
62326,,0
62327,,0
62320,,0
107257,,0
62322,,0
62323,,0
54233,,0
54232,,0
58793,,0
58794,,0
54235,,0
11804,,0
45291,,0
45294,,0
48665,,0
45299,,0
48661,,0
48660,,0
20112,,0
79050,,0
85135,,0
44748,,0
44746,,0
44741,,0
59779,,0
59778,,0
74793,,0
80361,,0
59772,,0
29731,,0
29734,,0
29735,,0
40919,,0
85761,,0
108679,,0
92081,,0
108673,,0
108670,,0
42386,,0
12865,,0
12866,,0
95240,,0
95243,,0
95245,,0
95249,,0
50449,,0
28747,,0
55027,,0
28068,,0
28067,,0
408,,0
1108,,0
1109,,0
111599,,0
111598,,0
22607,,0
22606,,0
22604,,0
22602,,0
22601,,0
26519,,0
26515,,0
26514,,0
83324,,0
95866,,0
95863,,0
53670,,0
4927,,0
90571,,0
93162,,0
93163,,0
104222,,0
93168,,0
61004,,0
61006,,0
61002,,0
61003,,0
61008,,0
79981,,0
79982,,0
79986,,0
110248,,0
110249,,0
25378,,0
69966,,0
25377,,0
110240,,0
110241,,0
110244,,0
104590,,0
82359,,0
82358,,0
64565,,0
64567,,0
64560,,0
89146,,0
21981,,0
21983,,0
21986,,0
21988,,0
98153,,0
98154,,0
112491,,0
98158,,0
98159,,0
89148,,0
82159,,0
16414,,0
16411,,0
9491,,0
9492,,0
9493,,0
16419,,0
9495,,0
61915,,0
61918,,0
52154,,0
91842,,0
9727,,0
53201,,0
53200,,0
9723,,0
53209,,0
102334,,0
102336,,0
24137,,0
21326,,0
63516,,0
63510,,0
63511,,0
24138,,0
22981,,0
22984,,0
22985,,0
22988,,0
112246,,0
112240,,0
62559,,0
112242,,0
112243,,0
55023,,0
91848,,0
90590,,0
55224,,0
71959,,0
108668,,0
108664,,0
71957,,0
71955,,0
71954,,0
111008,,0
78575,,0
78572,,0
27443,,0
27440,,0
91154,,0
91156,,0
59993,,0
59989,,0
59984,,0
59982,,0
59980,,0
103122,,0
111927,,0
29071,,0
29072,,0
29079,,0
23217,,0
23215,,0
23212,,0
23211,,0
66075,,0
66076,,0
66073,,0
109204,,0
480,,0
30923,,0
30925,,0
87730,,0
31034,,0
31031,,0
53806,,0
31038,,0
3924,,0
3929,,0
6723,,0
34717,,0
6724,,0
6728,,0
100203,,0
50161,,0
92711,,0
92716,,0
32714,,0
32715,,0
55538,,0
32710,,0
6098,,0
22164,,0
22162,,0
6095,,0
61692,,0
77440,,0
77447,,0
77449,,0
43808,,0
43800,,0
43801,,0
43807,,0
81290,,0
69344,,0
93440,,0
93448,,0
98215,,0
98214,,0
5006,,0
98212,,0
98219,,0
4422,,0
4426,,0
70141,,0
70140,,0
87246,,0
87244,,0
87241,,0
84578,,0
41512,,0
84572,,0
84577,,0
84576,,0
85331,,0
111459,,0
113388,,0
86592,,0
86596,,0
37678,,0
33598,,0
33594,,0
33596,,0
33591,,0
89917,,0
30029,,0
44941,,0
86625,,0
44944,,0
40646,,0
14761,,0
14760,,0
13935,,0
5583,,0
50847,,0
76271,,0
72958,,0
76278,,0
87734,,0
11274,,0
11275,,0
11278,,0
43342,,0
43341,,0
19064,,0
103281,,0
88794,,0
88797,,0
103278,,0
103276,,0
103275,,0
65011,,0
103270,,0
64767,,0
60223,,0
106949,,0
82629,,0
82628,,0
82627,,0
82626,,0
69068,,0
69066,,0
19684,,0
95437,,0
19681,,0
19680,,0
19683,,0
80668,,0
19689,,0
88134,,0
88131,,0
88133,,0
42437,,0
52316,,0
17305,,0
97733,,0
34701,,0
9120,,0
86040,,0
9124,,0
34703,,0
95467,,0
53045,,0
53040,,0
10653,,0
7918,,0
63754,,0
20833,,0
20837,,0
20834,,0
80087,,0
80086,,0
80083,,0
63283,,0
53591,,0
53590,,0
53597,,0
53594,,0
46970,,0
46974,,0
49705,,0
49704,,0
49706,,0
49702,,0
103289,,0
48251,,0
48252,,0
48255,,0
48256,,0
44539,,0
10401,,0
70728,,0
58619,,0
58614,,0
58613,,0
62488,,0
100219,,0
62480,,0
62483,,0
10407,,0
62487,,0
90174,,0
90175,,0
10409,,0
13104,,0
13105,,0
13106,,0
13101,,0
50153,,0
70727,,0
113014,,0
62157,,0
62150,,0
28450,,0
54060,,0
28454,,0
54067,,0
28456,,0
54065,,0
54588,,0
20308,,0
94417,,0
20303,,0
73484,,0
67501,,0
67500,,0
66679,,0
66672,,0
78588,,0
29509,,0
67720,,0
29506,,0
29501,,0
23769,,0
23767,,0
23766,,0
23765,,0
23763,,0
23761,,0
1318,,0
27079,,0
27072,,0
92156,,0
75263,,0
92152,,0
59251,,0
59256,,0
92159,,0
110892,,0
50769,,0
110898,,0
33045,,0
78972,,0
78971,,0
78977,,0
32552,,0
32553,,0
32551,,0
111411,,0
111412,,0
8328,,0
111416,,0
8327,,0
8326,,0
9915,,0
62879,,0
84069,,0
88431,,0
112302,,0
84060,,0
26302,,0
26303,,0
93283,,0
93282,,0
93280,,0
21829,,0
3617,,0
21821,,0
21827,,0
21824,,0
99906,,0
99905,,0
113437,,0
57779,,0
32087,,0
32082,,0
104416,,0
104417,,0
57770,,0
57777,,0
57776,,0
52054,,0
52051,,0
60147,,0
57483,,0
53904,,0
57484,,0
57487,,0
53907,,0
102816,,0
27898,,0
28326,,0
18538,,0
58931,,0
58932,,0
58933,,0
58934,,0
33758,,0
58938,,0
37075,,0
15168,,0
58191,,0
102100,,0
15162,,0
15163,,0
30222,,0
15165,,0
15167,,0
107162,,0
107161,,0
107167,,0
107168,,0
67267,,0
67261,,0
94289,,0
31097,,0
76072,,0
76075,,0
76074,,0
76077,,0
76076,,0
76078,,0
94281,,0
31090,,0
86008,,0
108365,,0
108363,,0
108368,,0
4204,,0
4205,,0
86004,,0
57233,,0
34033,,0
79215,,0
103477,,0
86000,,0
91342,,0
34038,,0
73519,,0
35345,,0
35342,,0
73514,,0
87855,,0
58445,,0
94066,,0
58447,,0
23403,,0
23408,,0
109014,,0
76925,,0
91240,,0
72340,,0
94794,,0
55403,,0
6116,,0
94797,,0
6111,,0
91248,,0
7281,,0
94139,,0
102412,,0
86814,,0
81845,,0
85544,,0
85548,,0
4588,,0
4585,,0
4581,,0
4583,,0
98404,,0
110054,,0
14350,,0
18672,,0
33252,,0
11187,,0
71001,,0
71000,,0
71003,,0
58861,,0
33259,,0
41495,,0
41491,,0
41490,,0
41493,,0
17916,,0
41499,,0
17910,,0
87032,,0
87036,,0
44040,,0
9540,,0
44049,,0
12987,,0
41727,,0
41726,,0
41724,,0
82128,,0
15405,,0
8128,,0
8120,,0
7703,,0
7700,,0
113227,,0
110709,,0
110702,,0
110704,,0
19188,,0
19182,,0
19183,,0
19187,,0
19185,,0
89967,,0
28651,,0
28922,,0
28929,,0
102255,,0
82785,,0
65604,,0
83047,,0
65601,,0
19872,,0
81479,,0
81473,,0
69922,,0
69921,,0
13767,,0
5797,,0
88383,,0
82879,,0
52291,,0
52290,,0
82877,,0
60384,,0
60385,,0
81787,,0
94271,,0
11400,,0
11409,,0
19230,,0
94183,,0
97562,,0
94188,,0
97561,,0
97566,,0
97567,,0
90690,,0
90693,,0
90692,,0
90695,,0
90697,,0
90696,,0
944,,0
942,,0
49002,,0
49000,,0
80781,,0
80786,,0
80784,,0
64267,,0
64261,,0
45584,,0
48354,,0
48357,,0
48356,,0
48351,,0
48353,,0
64268,,0
16844,,0
16842,,0
80436,,0
16841,,0
95582,,0
95581,,0
95585,,0
42609,,0
12171,,0
42602,,0
42604,,0
12178,,0
45058,,0
90037,,0
59868,,0
59312,,0
59864,,0
59867,,0
99788,,0
45056,,0
95630,,0
29201,,0
95634,,0
10449,,0
29204,,0
53654,,0
53650,,0
63128,,0
21774,,0
21770,,0
78325,,0
78324,,0
21779,,0
62835,,0
62830,,0
62833,,0
54923,,0
54921,,0
54920,,0
54926,,0
87747,,0
6563,,0
26929,,0
26927,,0
26923,,0
49918,,0
49917,,0
49910,,0
49913,,0
68728,,0
68724,,0
68722,,0
68720,,0
26695,,0
100322,,0
67716,,0
24201,,0
73716,,0
50350,,0
50352,,0
2832,,0
68894,,0
28559,,0
68891,,0
58401,,0
58402,,0
58403,,0
34234,,0
29254,,0
72001,,0
79054,,0
57906,,0
35184,,0
73753,,0
73751,,0
73750,,0
73757,,0
79585,,0
79586,,0
106971,,0
106979,,0
106978,,0
34580,,0
93673,,0
93677,,0
93675,,0
61714,,0
78355,,0
61713,,0
55383,,0
55384,,0
61719,,0
22339,,0
22338,,0
22337,,0
8440,,0
22334,,0
22330,,0
25641,,0
74769,,0
72058,,0
74766,,0
109154,,0
9894,,0
9896,,0
9897,,0
9891,,0
81637,,0
93096,,0
93094,,0
93091,,0
32321,,0
32320,,0
32322,,0
22595,,0
22599,,0
97361,,0
104607,,0
104606,,0
57527,,0
57525,,0
24999,,0
24995,,0
75498,,0
75499,,0
75493,,0
75497,,0
26170,,0
75145,,0
75147,,0
3408,,0
107568,,0
84558,,0
4877,,0
79877,,0
70518,,0
2069,,0
70515,,0
70517,,0
33490,,0
14113,,0
33493,,0
18479,,0
14115,,0
71643,,0
71642,,0
108976,,0
18470,,0
71644,,0
113201,,0
113200,,0
37667,,0
102603,,0
102602,,0
37666,,0
112151,,0
112152,,0
112155,,0
112156,,0
112158,,0
97864,,0
74854,,0
34912,,0
34918,,0
34919,,0
83251,,0
83259,,0
102987,,0
85946,,0
85944,,0
85943,,0
15646,,0
107646,,0
107642,,0
107640,,0
97869,,0
78040,,0
109734,,0
109735,,0
109736,,0
109730,,0
109733,,0
6486,,0
50146,,0
107031,,0
39339,,0
39338,,0
39333,,0
39331,,0
44955,,0
52936,,0
107035,,0
92577,,0
88343,,0
88347,,0
107697,,0
77171,,0
77177,,0
77176,,0
86376,,0
77179,,0
43718,,0
4018,,0
43710,,0
4012,,0
43712,,0
4017,,0
4016,,0
19437,,0
19438,,0
100084,,0
86997,,0
86991,,0
38889,,0
38883,,0
38881,,0
100081,,0
80232,,0
80234,,0
101396,,0
80238,,0
80239,,0
101392,,0
101393,,0
42048,,0
46740,,0
42042,,0
42045,,0
42044,,0
45218,,0
45216,,0
45215,,0
112186,,0
112185,,0
100082,,0
6304,,0
6307,,0
70253,,0
70252,,0
70254,,0
70258,,0
10138,,0
40994,,0
40993,,0
71874,,0
80906,,0
80902,,0
80903,,0
1636,,0
84262,,0
84265,,0
84264,,0
40371,,0
40375,,0
29954,,0
29953,,0
20584,,0
14256,,0
94847,,0
94840,,0
1184,,0
5421,,0
5423,,0
108761,,0
79555,,0
111668,,0
111660,,0
111666,,0
111665,,0
111664,,0
110139,,0
89571,,0
89575,,0
48964,,0
102055,,0
7517,,0
7513,,0
341,,0
92874,,0
349,,0
19373,,0
13706,,0
88624,,0
88623,,0
88629,,0
10965,,0
10964,,0
10962,,0
10969,,0
112062,,0
64876,,0
64874,,0
69882,,0
16494,,0
16492,,0
65478,,0
78610,,0
85089,,0
43053,,0
43052,,0
69778,,0
101456,,0
81622,,0
81626,,0
2264,,0
2265,,0
89279,,0
22909,,0
56905,,0
52483,,0
22901,,0
56908,,0
102447,,0
94028,,0
102440,,0
19013,,0
102449,,0
57051,,0
57057,,0
57054,,0
57055,,0
57058,,0
57059,,0
11619,,0
54888,,0
54885,,0
54887,,0
54883,,0
27991,,0
27992,,0
80698,,0
33917,,0
52735,,0
52730,,0
52731,,0
52733,,0
60641,,0
60643,,0
60642,,0
60646,,0
53289,,0
63592,,0
53283,,0
53286,,0
112429,,0
62640,,0
54771,,0
54777,,0
112426,,0
20414,,0
20416,,0
48147,,0
48140,,0
48143,,0
106899,,0
95771,,0
95770,,0
67039,,0
67038,,0
67037,,0
67035,,0
67034,,0
67033,,0
109532,,0
109531,,0
109537,,0
109535,,0
68910,,0
109538,,0
106770,,0
64779,,0
83646,,0
83645,,0
109289,,0
79622,,0
109280,,0
109281,,0
79627,,0
92464,,0
92466,,0
92460,,0
92463,,0
67699,,0
26715,,0
26717,,0
26716,,0
66348,,0
66349,,0
66345,,0
66340,,0
66341,,0
61699,,0
111302,,0
111303,,0
34795,,0
61697,,0
107253,,0
107252,,0
92794,,0
107258,,0
92799,,0
77371,,0
67966,,0
24410,,0
24412,,0
407,,0
28749,,0
401,,0
23294,,0
23293,,0
28742,,0
28743,,0
91846,,0
91845,,0
55028,,0
32829,,0
32824,,0
55021,,0
32820,,0
107875,,0
73271,,0
56599,,0
56594,,0
73279,,0
107879,,0
56591,,0
56593,,0
74794,,0
35445,,0
32794,,0
32790,,0
32791,,0
23875,,0
61527,,0
61525,,0
61524,,0
65862,,0
27149,,0
65868,,0
65869,,0
20388,,0
65974,,0
82617,,0
85339,,0
74139,,0
74132,,0
85334,,0
74137,,0
82613,,0
75845,,0
65972,,0
75848,,0
61292,,0
65953,,0
83796,,0
98295,,0
98294,,0
98293,,0
98292,,0
57316,,0
57311,,0
70722,,0
70721,,0
57319,,0
70726,,0
101843,,0
75267,,0
33049,,0
75262,,0
18840,,0
37544,,0
37545,,0
75269,,0
41222,,0
41220,,0
41228,,0
84066,,0
86511,,0
66759,,0
83598,,0
86512,,0
86514,,0
83590,,0
83594,,0
83595,,0
14092,,0
14090,,0
11964,,0
3231,,0
18430,,0
41599,,0
74967,,0
54558,,0
74961,,0
76764,,0
34899,,0
34898,,0
30536,,0
30534,,0
34895,,0
30530,,0
15601,,0
104455,,0
89778,,0
89779,,0
18159,,0
5509,,0
5506,,0
18153,,0
18155,,0
15607,,0
103145,,0
103144,,0
103147,,0
103143,,0
83040,,0
543,,0
544,,0
83048,,0
52306,,0
76187,,0
76186,,0
76189,,0
76188,,0
4011,,0
87749,,0
15059,,0
87743,,0
6567,,0
6566,,0
99569,,0
108746,,0
31373,,0
31372,,0
31370,,0
39163,,0
31379,,0
74859,,0
19609,,0
16657,,0
16655,,0
16652,,0
70546,,0
12729,,0
95932,,0
69575,,0
69576,,0
69571,,0
84801,,0
52668,,0
21126,,0
21125,,0
21123,,0
81350,,0
81351,,0
78008,,0
21198,,0
41961,,0
41962,,0
41965,,0
90243,,0
90246,,0
13456,,0
13451,,0
7993,,0
88770,,0
7994,,0
7998,,0
101459,,0
62402,,0
81973,,0
20652,,0
20651,,0
85071,,0
80009,,0
111147,,0
80004,,0
80007,,0
80002,,0
111145,,0
20380,,0
48431,,0
48438,,0
7337,,0
7336,,0
7333,,0
7339,,0
54574,,0
54575,,0
11960,,0
54571,,0
11963,,0
11969,,0
59126,,0
59127,,0
59122,,0
98333,,0
8638,,0
111141,,0
95367,,0
95368,,0
110818,,0
110817,,0
111499,,0
111491,,0
9998,,0
28237,,0
28233,,0
1398,,0
1394,,0
95982,,0
95983,,0
19555,,0
19557,,0
75117,,0
93208,,0
66892,,0
66896,,0
66897,,0
66895,,0
61329,,0
113619,,0
110369,,0
73835,,0
110363,,0
110365,,0
110366,,0
96183,,0
96185,,0
82098,,0
82099,,0
25140,,0
53988,,0
2335,,0
2336,,0
69628,,0
82549,,0
69629,,0
82540,,0
82541,,0
86948,,0
2438,,0
2431,,0
2437,,0
2435,,0
93973,,0
61812,,0
61816,,0
61814,,0
61818,,0
107845,,0
97273,,0
97271,,0
97276,,0
97274,,0
107471,,0
9600,,0
107472,,0
107477,,0
53366,,0
113635,,0
36965,,0
36964,,0
21242,,0
63411,,0
63412,,0
63417,,0
21249,,0
1807,,0
1802,,0
1800,,0
112325,,0
1808,,0
97797,,0
49428,,0
49423,,0
94617,,0
94611,,0
68038,,0
94612,,0
68034,,0
68035,,0
68032,,0
90726,,0
108053,,0
97799,,0
3334,,0
112587,,0
112586,,0
112584,,0
58310,,0
58313,,0
102189,,0
102180,,0
78741,,0
78745,,0
78747,,0
111807,,0
111806,,0
66130,,0
66132,,0
70899,,0
25973,,0
25975,,0
31171,,0
31170,,0
73848,,0
31175,,0
31174,,0
31177,,0
73843,,0
31178,,0
73844,,0
3809,,0
3808,,0
23486,,0
3807,,0
3801,,0
34612,,0
34611,,0
72469,,0
34616,,0
72462,,0
72463,,0
34618,,0
109091,,0
72467,,0
109093,,0
72465,,0
73591,,0
92616,,0
73595,,0
100127,,0
92611,,0
100128,,0
24597,,0
24590,,0
63950,,0
50043,,0
32619,,0
104043,,0
32610,,0
32616,,0
22287,,0
22285,,0
11705,,0
63958,,0
24623,,0
24621,,0
18339,,0
24624,,0
93203,,0
73331,,0
33910,,0
22751,,0
38967,,0
22752,,0
22754,,0
77659,,0
31827,,0
31825,,0
86892,,0
77656,,0
77657,,0
86897,,0
93562,,0
54077,,0
93561,,0
54076,,0
93569,,0
79768,,0
75656,,0
4507,,0
4501,,0
4502,,0
60757,,0
70022,,0
70023,,0
60755,,0
70027,,0
94426,,0
91411,,0
104116,,0
104115,,0
85276,,0
85271,,0
85270,,0
85273,,0
85272,,0
94421,,0
52666,,0
42946,,0
53390,,0
84632,,0
41414,,0
84637,,0
41413,,0
83949,,0
70680,,0
70682,,0
71379,,0
71372,,0
71370,,0
71377,,0
12907,,0
12904,,0
76686,,0
75930,,0
70978,,0
70979,,0
7038,,0
70971,,0
70976,,0
70975,,0
71081,,0
71080,,0
71089,,0
81226,,0
37739,,0
37738,,0
37731,,0
37733,,0
91858,,0
80686,,0
83365,,0
30708,,0
83360,,0
30700,,0
83369,,0
30707,,0
86701,,0
86702,,0
7788,,0
7789,,0
86708,,0
7780,,0
14685,,0
14681,,0
40454,,0
14538,,0
14530,,0
72852,,0
76533,,0
72854,,0
11333,,0
89104,,0
89101,,0
89100,,0
43226,,0
19102,,0
19104,,0
86326,,0
87308,,0
88854,,0
103332,,0
88858,,0
103336,,0
103335,,0
60308,,0
60302,,0
60303,,0
60307,,0
11485,,0
11484,,0
11480,,0
82701,,0
82708,,0
43484,,0
43487,,0
43480,,0
80703,,0
80705,,0
16599,,0
12680,,0
88272,,0
88273,,0
88271,,0
12689,,0
88278,,0
52218,,0
52216,,0
52212,,0
7816,,0
95503,,0
7814,,0
7813,,0
95509,,0
7818,,0
21084,,0
19814,,0
19815,,0
19817,,0
1301,,0
69307,,0
64150,,0
86287,,0
64152,,0
86288,,0
69308,,0
9371,,0
9370,,0
9375,,0
49624,,0
41889,,0
41880,,0
41886,,0
49990,,0
49991,,0
49993,,0
49998,,0
1920,,0
58155,,0
54307,,0
58485,,0
112874,,0
14949,,0
14948,,0
112878,,0
62218,,0
62219,,0
94759,,0
20020,,0
98052,,0
59689,,0
59682,,0
44360,,0
44364,,0
40864,,0
44368,,0
44369,,0
40869,,0
29422,,0
110881,,0
23648,,0
23649,,0
1216,,0
89842,,0
89843,,0
89844,,0
23647,,0
27739,,0
59354,,0
27733,,0
27734,,0
95085,,0
97812,,0
110888,,0
97810,,0
97816,,0
32453,,0
95155,,0
32450,,0
55473,,0
32455,,0
32454,,0
111758,,0
8400,,0
111755,,0
8405,,0
111751,,0
50535,,0
50536,,0
50531,,0
92366,,0
8815,,0
66441,,0
66443,,0
33303,,0
66444,,0
66446,,0
8813,,0
112577,,0
52972,,0
92174,,0
52976,,0
52978,,0
22514,,0
60849,,0
26462,,0
60843,,0
60842,,0
60841,,0
26464,,0
53476,,0
75416,,0
75415,,0
98398,,0
75418,,0
76428,,0
92947,,0
92944,,0
91692,,0
77484,,0
104359,,0
96069,,0
93018,,0
93016,,0
93017,,0
104357,,0
93011,,0
3489,,0
3485,,0
104686,,0
104683,,0
110943,,0
104680,,0
24911,,0
24914,,0
24919,,0
80279,,0
102681,,0
102685,,0
102684,,0
102689,,0
108803,,0
113638,,0
113283,,0
22918,,0
109397,,0
113284,,0
113634,,0
2604,,0
2600,,0
2601,,0
2603,,0
20925,,0
33419,,0
33410,,0
33415,,0
102024,,0
102021,,0
111876,,0
30142,,0
30140,,0
30144,,0
24002,,0
24005,,0
37246,,0
37248,,0
15728,,0
75992,,0
67182,,0
67185,,0
112328,,0
108798,,0
108793,,0
76330,,0
76331,,0
76337,,0
68201,,0
68203,,0
68205,,0
4361,,0
4363,,0
67450,,0
67457,,0
67456,,0
108240,,0
108246,,0
108245,,0
108248,,0
3105,,0
3106,,0
79311,,0
79313,,0
79314,,0
79316,,0
4097,,0
4096,,0
81133,,0
91577,,0
91576,,0
91574,,0
100098,,0
91571,,0
91570,,0
95336,,0
100099,,0
111816,,0
81138,,0
86165,,0
23363,,0
86168,,0
23361,,0
101648,,0
23365,,0
23364,,0
101647,,0
101640,,0
109111,,0
109113,,0
76809,,0
109117,,0
76804,,0
109119,,0
74403,,0
74401,,0
74406,,0
92006,,0
92008,,0
6385,,0
6384,,0
6381,,0
6380,,0
43970,,0
43971,,0
43973,,0
86915,,0
86911,,0
43979,,0
97495,,0
75328,,0
75755,,0
75758,,0
85755,,0
5132,,0
5130,,0
33353,,0
71128,,0
33356,,0
71121,,0
71126,,0
71127,,0
71124,,0
71125,,0
80985,,0
44167,,0
80983,,0
80988,,0
80989,,0
84404,,0
84406,,0
84402,,0
87662,,0
41608,,0
41609,,0
87666,,0
41607,,0
41601,,0
41602,,0
83750,,0
83757,,0
83759,,0
81381,,0
76475,,0
76474,,0
96130,,0
76472,,0
76479,,0
81380,,0
8241,,0
15561,,0
15562,,0
4469,,0
112588,,0
86133,,0
86130,,0
86137,,0
44835,,0
44837,,0
44830,,0
44832,,0
112580,,0
65169,,0
65163,,0
65160,,0
65167,,0
79481,,0
5691,,0
5694,,0
89317,,0
89315,,0
5968,,0
51978,,0
5960,,0
16146,,0
16142,,0
51970,,0
17238,,0
52407,,0
56985,,0
56982,,0
90953,,0
64698,,0
53913,,0
60536,,0
113061,,0
11698,,0
11699,,0
11697,,0
11693,,0
82936,,0
82935,,0
82934,,0
82938,,0
69116,,0
69114,,0
69115,,0
64348,,0
27911,,0
27916,,0
27917,,0
97607,,0
42728,,0
97603,,0
42720,,0
42721,,0
42727,,0
90374,,0
90372,,0
90371,,0
90378,,0
9235,,0
9233,,0
54804,,0
78209,,0
78200,,0
78202,,0
12349,,0
62973,,0
62978,,0
12346,,0
10274,,0
53461,,0
10279,,0
63374,,0
62379,,0
49810,,0
49812,,0
21547,,0
68449,,0
68448,,0
68447,,0
44447,,0
67618,,0
44441,,0
44440,,0
26798,,0
44448,,0
48659,,0
24326,,0
24329,,0
2976,,0
68992,,0
2,,0
57347,,0
6148,,0
53265,,0
22545,,0
10260,,0
21,,0
6171,,0
88092,,0
2077,,0
43037,,0
28704,,0
26657,,0
108578,,0
94242,,0
38948,,0
14374,,0
71719,,0
42,,0
12329,,0
75820,,0
57394,,0
26676,,0
34872,,0
22584,,0
59,,0
4157,,0
34884,,0
24646,,0
30794,,0
36942,,0
80,,0
45138,,0
26707,,0
8277,,0
104533,,0
36954,,0
86106,,0
45148,,0
16479,,0
98,,0
45159,,0
26728,,0
73836,,0
34929,,0
24690,,0
14455,,0
43129,,0
2170,,0
75899,,0
73856,,0
16513,,0
4230,,0
8340,,0
53402,,0
8348,,0
12446,,0
82081,,0
71841,,0
18595,,0
22691,,0
39080,,0
41130,,0
16555,,0
12459,,0
16561,,0
30895,,0
108736,,0
71872,,0
57540,,0
78022,,0
12493,,0
14542,,0
210,,0
28881,,0
59604,,0
24790,,0
28888,,0
57561,,0
26846,,0
53471,,0
53474,,0
2276,,0
94446,,0
33018,,0
4346,,0
255,,0
256,,0
37120,,0
8453,,0
37125,,0
20743,,0
2312,,0
26892,,0
30989,,0
33041,,0
53522,,0
10231,,0
45334,,0
4376,,0
43290,,0
35099,,0
63771,,0
37151,,0
35106,,0
41251,,0
22818,,0
49446,,0
305,,0
16691,,0
45365,,0
20793,,0
31036,,0
82238,,0
22852,,0
327,,0
8529,,0
59729,,0
74071,,0
18778,,0
78172,,0
26979,,0
33125,,0
16741,,0
24933,,0
37226,,0
22895,,0
24947,,0
26996,,0
53620,,0
94585,,0
8571,,0
10619,,0
35198,,0
24960,,0
387,,0
4484,,0
37252,,0
78214,,0
20870,,0
43400,,0
37257,,0
80270,,0
18833,,0
76181,,0
22937,,0
31129,,0
420,,0
61862,,0
29094,,0
59821,,0
4528,,0
27060,,0
2498,,0
29127,,0
45512,,0
8650,,0
6604,,0
37325,,0
4568,,0
59865,,0
70104,,0
2523,,0
29146,,0
27102,,0
109024,,0
25061,,0
29157,,0
8685,,0
495,,0
43505,,0
72193,,0
14849,,0
72206,,0
92687,,0
8720,,0
53784,,0
31259,,0
25117,,0
33310,,0
37405,,0
35369,,0
21033,,0
70185,,0
6704,,0
37425,,0
107062,,0
27190,,0
53816,,0
49728,,0
16962,,0
6720,,0
80454,,0
68168,,0
70216,,0
62026,,0
14919,,0
68175,,0
33364,,0
43608,,0
25177,,0
8794,,0
6749,,0
613,,0
19047,,0
33384,,0
2664,,0
17003,,0
76396,,0
80488,,0
630,,0
33402,,0
2682,,0
14972,,0
109187,,0
6790,,0
8844,,0
664,,0
41626,,0
82587,,0
33439,,0
72358,,0
78510,,0
68273,,0
58035,,0
6848,,0
711,,0
86727,,0
109262,,0
80589,,0
721,,0
35540,,0
2777,,0
51929,,0
107227,,0
19163,,0
78555,,0
8929,,0
13029,,0
51946,,0
37615,,0
17137,,0
31478,,0
11004,,0
113405,,0
35590,,0
25353,,0
778,,0
35593,,0
11019,,0
54029,,0
25361,,0
86802,,0
43796,,0
19221,,0
25366,,0
6933,,0
25368,,0
74521,,0
58136,,0
29464,,0
80662,,0
13086,,0
17184,,0
88865,,0
68389,,0
4901,,0
27434,,0
4906,,0
74543,,0
19249,,0
37684,,0
58168,,0
19257,,0
78651,,0
6968,,0
76606,,0
72506,,0
27457,,0
33608,,0
13128,,0
17227,,0
23376,,0
6995,,0
33629,,0
15204,,0
50029,,0
27501,,0
13171,,0
31605,,0
47991,,0
898,,0
66438,,0
21382,,0
19338,,0
29578,,0
17299,,0
33685,,0
25494,,0
37790,,0
29606,,0
7077,,0
7078,,0
23467,,0
25518,,0
86960,,0
5041,,0
15287,,0
50108,,0
68545,,0
13249,,0
11204,,0
9157,,0
25542,,0
31684,,0
5068,,0
11216,,0
31696,,0
17368,,0
31706,,0
78812,,0
91102,,0
80864,,0
32762,,0
54244,,0
44009,,0
13289,,0
60398,,0
70645,,0
9210,,0
50169,,0
107521,,0
70665,,0
3083,,0
68620,,0
68624,,0
66578,,0
54291,,0
97301,,0
89114,,0
76830,,0
44063,,0
44064,,0
50212,,0
29729,,0
21552,,0
85043,,0
3127,,0
33852,,0
58431,,0
23614,,0
25670,,0
87111,,0
21575,,0
83021,,0
27729,,0
62548,,0
23637,,0
33887,,0
23654,,0
7274,,0
25709,,0
44142,,0
9334,,0
21622,,0
5239,,0
13433,,0
52353,,0
21633,,0
7297,,0
23688,,0
48265,,0
25739,,0
17550,,0
3215,,0
109711,,0
111762,,0
3219,,0
50325,,0
81048,,0
27806,,0
66719,,0
93343,,0
13474,,0
9380,,0
5287,,0
29863,,0
15528,,0
1197,,0
83120,,0
44208,,0
9397,,0
23735,,0
81079,,0
52409,,0
66746,,0
9408,,0
29888,,0
77007,,0
31951,,0
9431,,0
9433,,0
77018,,0
103641,,0
17638,,0
27878,,0
3302,,0
79078,,0
48364,,0
58605,,0
93421,,0
89326,,0
50423,,0
29946,,0
44284,,0
32025,,0
91419,,0
17712,,0
23856,,0
13618,,0
30006,,0
58680,,0
1336,,0
81212,,0
30018,,0
34115,,0
66888,,0
93519,,0
19794,,0
91477,,0
73048,,0
23905,,0
25956,,0
42344,,0
99691,,0
42348,,0
75119,,0
103797,,0
32119,,0
95609,,0
44410,,0
13691,,0
7199,,0
28031,,0
30084,,0
58757,,0
81289,,0
9614,,0
91537,,0
85393,,0
11667,,0
21910,,0
23959,,0
48537,,0
21916,,0
21917,,0
15775,,0
21923,,0
97702,,0
73127,,0
15784,,0
83372,,0
44460,,0
81324,,0
28086,,0
64950,,0
7608,,0
23993,,0
9662,,0
26050,,0
71105,,0
6398,,0
24001,,0
3538,,0
103892,,0
73173,,0
7644,,0
62949,,0
30183,,0
64998,,0
21995,,0
44526,,0
30194,,0
60917,,0
3574,,0
32250,,0
60928,,0
91651,,0
42500,,0
17927,,0
28170,,0
32269,,0
1551,,0
1553,,0
69137,,0
15895,,0
32468,,0
67101,,0
15901,,0
56862,,0
46634,,0
30250,,0
112173,,0
63024,,0
91701,,0
5686,,0
32310,,0
75324,,0
50754,,0
3651,,0
13891,,0
104005,,0
7749,,0
24139,,0
32338,,0
20054,,0
24151,,0
85592,,0
40536,,0
32353,,0
22114,,0
42598,,0
85611,,0
9838,,0
56944,,0
15389,,0
61044,,0
52858,,0
99967,,0
5761,,0
7803,,0
79491,,0
11910,,0
7809,,0
61065,,0
81549,,0
91790,,0
54933,,0
22172,,0
22175,,0
7839,,0
48799,,0
54949,,0
112294,,0
46762,,0
3755,,0
73394,,0
22201,,0
44733,,0
5821,,0
28353,,0
52930,,0
18116,,0
24260,,0
28364,,0
110287,,0
79572,,0
52949,,0
22228,,0
75480,,0
11992,,0
40660,,0
30432,,0
104161,,0
34532,,0
24300,,0
67312,,0
30448,,0
98032,,0
73458,,0
77560,,0
40697,,0
93950,,0
63235,,0
30468,,0
63240,,0
40728,,0
98076,,0
48925,,0
22303,,0
32544,,0
110372,,0
34600,,0
18220,,0
73524,,0
20279,,0
20286,,0
57151,,0
85825,,0
75588,,0
14150,,0
73542,,0
24402,,0
53081,,0
91995,,0
8032,,0
22371,,0
20331,,0
10095,,0
5999,,0
40808,,0
79730,,0
26484,,0
36724,,0
61301,,0
102262,,0
73584,,0
24434,,0
16245,,0
57210,,0
28566,,0
1946,,0
96153,,0
6047,,0
12195,,0
63395,,0
73630,,0
55206,,0
24486,,0
53163,,0
6062,,0
8113,,0
73649,,0
100280,,0
22458,,0
36795,,0
79803,,0
57274,,0
36801,,0
94148,,0
22471,,0
32711,,0
102346,,0
59339,,0
8140,,0
30670,,0
38862,,0
8144,,0
12242,,0
30675,,0
100311,,0
32730,,0
65503,,0
53217,,0
20450,,0
85993,,0
24558,,0
14323,,0
4086,,0
2039,,0
57337,,0
57338,,0
67581,,0
8191,,0
